Number,Continent,Country,State/Province/Territory/etc.,Location,Region,Up Front Description,Hint # 1,Description at the end,Has Chez Edited Description,Wikipedia Link,Tourism Link,Climate,Pics Uploaded?,Pictures,TB URL,Notes
1,Africa,Namibia,,,,You are looking for a country,It has both the oldest dessert and the largest underground lake in the world ,"Namibia is a land of breathtaking contrasts, where towering sand dunes meet the wild Atlantic coast and rugged mountains cradle vast, untouched savannahs. Home to the otherworldly Namib Desert, the oldest desert in the world, and the iconic red dunes of Sossusvlei, it offers a landscape like no other on Earth. From the haunting beauty of the Skeleton Coast to the rich wildlife of Etosha National Park, Namibia is an adventurer’s paradise, brimming with natural wonders and raw, untamed beauty. With its vibrant culture and awe-inspiring scenery, Namibia promises an unforgettable journey into the heart of Africa’s wild soul.",No,https://en.wikipedia.org/wiki/Namibia,https://visitnamibia.com.na/,,,,,
2,Asia,Vietnam,,,,You are looking for a country,This country is the name of one of the only two wars that the United States ever lost,"Vietnam is a vibrant tapestry of stunning landscapes, rich history, and unforgettable flavors. From the emerald-green waters of Ha Long Bay to the golden rice terraces of Sapa, every corner of this country tells a story of natural beauty. Wander the bustling streets of Hanoi and Ho Chi Minh City, savoring the aromatic delights of pho and banh mi, or immerse yourself in the peaceful charm of ancient towns like Hoi An. Whether you're cruising the Mekong Delta or exploring misty mountains, Vietnam promises an exhilarating journey full of culture, adventure, and soul-stirring moments!",No,https://en.wikipedia.org/wiki/Vietnam,https://vietnam.travel/node/1336,,TRUE,,,
3,Australia,Australia,New South Wales,Blue Mountains,,It is an attraction,It is a famous group of mountains in Australia,"The Blue Mountains in Australia are a magical wonderland of dramatic cliffs, cascading waterfalls, and lush eucalyptus forests that stretch as far as the eye can see. Famous for the mesmerizing blue haze created by the eucalyptus oils in the air, this UNESCO World Heritage site is a nature lover's paradise. Explore the iconic Three Sisters rock formation, ride thrilling cableways over deep valleys, or hike through ancient rainforests teeming with unique wildlife. Just a short trip from Sydney, the Blue Mountains are a breathtaking escape into Australia’s serene and majestic wilderness!",No,https://en.wikipedia.org/wiki/Blue_Mountains_(New_South_Wales),https://www.visitbluemountains.com.au/about-blue-mountains-tourism,,TRUE,,,
4,Australia,Australia,South Australia,Kangaroo Island,,It is an attraction,"It is an Island, with a lot of inhabitants that hop","Kangaroo Island is a breathtaking sanctuary of wildlife, pristine beaches, and rugged natural beauty just off the coast of South Australia. Known as Australia's ""zoo without fences,"" it’s home to kangaroos, koalas, sea lions, and an array of unique native animals thriving in their natural habitats. Explore the otherworldly Remarkable Rocks, stroll along the powdery sands of Vivonne Bay, or marvel at the playful seals at Seal Bay. With its untouched landscapes and endless adventure, Kangaroo Island is a paradise for nature lovers and a must-visit gem!",No,https://en.wikipedia.org/wiki/Kangaroo_Island,https://www.tourkangarooisland.com.au/,,TRUE,,,
5,Australia,Australia,,Syndey ,South East Asia,You are Looking to a City,Famous for its Opera House that is suggests of sails on a boat,"Sydney, Australia, is a dazzling city where iconic landmarks and vibrant energy meet stunning natural beauty! Home to the world-famous Sydney Opera House and Harbour Bridge, its sparkling harbor is a breathtaking centerpiece. Relax on the golden sands of Bondi Beach, wander the historic streets of The Rocks, or soak in panoramic views from a ferry to Manly. With its buzzing culture, incredible dining, and endless outdoor adventures, Sydney is the perfect blend of cosmopolitan charm and coastal paradise!",No,https://en.wikipedia.org/wiki/Sydney,https://www.sydney.com/,,TRUE,,,
6,Europe,France,,Paris,Western Europe,You are Looking to a City,"Also known as the ""City of Lights""","Paris, the City of Light, is a captivating blend of romance, history, and timeless elegance. From the iconic Eiffel Tower to the majestic Notre-Dame Cathedral, every corner of this enchanting city tells a story. Stroll along the charming Seine River, explore the art-filled halls of the Louvre, or savor buttery croissants at a quaint café in Montmartre. With its world-class cuisine, vibrant culture, and undeniable charm, Paris is a dream destination that will steal your heart!",No,https://en.wikipedia.org/wiki/Paris,https://parisjetaime.com/eng/,Temperate,TRUE,https://drive.google.com/drive/folders/1xV1ENOjxujoN9-pOZjdLia40NHQK5ukx?usp=sharing,,Not sure we can legaly use these images for commercial purposes. They are from Creative Commons
7,Europe,Lithuania,,,,You are looking for a country,It is in the baltic region of Europe,"Lithuania is a hidden gem of the Baltics, where lush forests, shimmering lakes, and medieval castles create a fairy-tale landscape. Explore the charming cobblestone streets of Vilnius, a UNESCO-listed capital brimming with Baroque beauty and vibrant culture. From the mystical Hill of Crosses to the golden dunes of the Curonian Spit, the country is a treasure trove of natural and historical wonders. With its warm hospitality, rich traditions, and enchanting scenery, Lithuania promises an unforgettable adventure off the beaten path!",No,https://en.wikipedia.org/wiki/Lithuania,https://lithuania.travel/en/media,,TRUE,,,
8,Europe,Switzerland,,,Western Europe,You are looking for a country,"This country in Europe has a reputation for neutrality, banking, and watches","Switzerland is a storybook destination where snow-capped Alps, sparkling turquoise lakes, and charming villages create a picture-perfect setting. Known for its world-class ski resorts, scenic train journeys, and delicious chocolate and cheese, it’s a haven for adventure and indulgence alike. Stroll through the medieval streets of Lucerne, marvel at the Matterhorn in Zermatt, or relax by the serene shores of Lake Geneva. With its pristine beauty and rich culture, Switzerland is a dream come true for nature lovers and wanderers!",No,https://en.wikipedia.org/wiki/Switzerland,https://www.myswitzerland.com/en-us/,Temperate,TRUE,,,
9,North America,Canada,Yukon,,,"You are looking for a State, Territory, or Province","Jack London's ""The Call of the Wild"" is set in this Canadian Territory","The Yukon is a vast wilderness wonderland, where the magic of the northern lights dances across the sky and rugged mountains meet untamed forests. Discover the Klondike Gold Rush history in Dawson City, paddle along crystal-clear rivers, or hike through endless trails of unspoiled beauty. Whether you're spotting wildlife in Kluane National Park or marveling at the midnight sun, the Yukon offers an unforgettable adventure in the heart of Canada's north.",No,https://en.wikipedia.org/wiki/Yukon,https://www.travelyukon.com/en,,TRUE,,,
10,South America,Belize,,,Central America,You are looking for a country,This country has the second largest barrier reef in the world and it the only Country in Central America where English is the official language,"Belize is a tropical paradise of lush jungles, Mayan ruins, and the world’s second-largest coral reef. Dive into the famous Blue Hole, explore the ancient temples of Xunantunich, or relax on the pristine beaches of Ambergris Caye. With its vibrant culture, exotic wildlife, and turquoise waters teeming with marine life, Belize is an adventurer’s dream and a beach lover’s haven.",No,https://en.wikipedia.org/wiki/Belize,https://www.travelbelize.org/,,TRUE,,,
11,South America,Bermuda,,Bermuda,,"You are looking for a State, Territory, or Province","It is an Island and has a ""triangle"" associated with its name","Bermuda is a slice of paradise with pink-sand beaches, turquoise waters, and a charming blend of British elegance and island flair. Explore the crystal-clear caves, stroll the pastel-colored streets of Hamilton, or snorkel among vibrant coral reefs. Known for its year-round beauty and warm hospitality, Bermuda is the ultimate destination for relaxation and luxury.",No,https://en.wikipedia.org/wiki/Bermuda,https://www.gotobermuda.com/,,TRUE,,,
12,South America,Costa Rica,,,Central America,You are looking for a country,It is the smallest country that has a coast line on the Atlantic (Carribean Sea) and Pacific oceans,"Costa Rica is a lush, tropical haven where rainforest adventures meet golden beaches and active volcanoes. Zip-line through the treetops of Monteverde, unwind in the hot springs of Arenal, or explore the rich biodiversity of Manuel Antonio National Park. With its vibrant wildlife, eco-friendly ethos, and thrilling outdoor activities, Costa Rica is a paradise for nature lovers and thrill-seekers alike.",No,https://en.wikipedia.org/wiki/Costa_Rica,https://www.visitcostarica.com/,Tropical,TRUE,https://drive.google.com/drive/folders/1T168BzurgMZrjDeb6d18uUnRb4ITGuQP?usp=sharing,,
13,Africa,Mauritius,,,,You are looking for a country,"This country is an Island which is famous for the Dodo, a flightless bird that is now extinct","Mauritius is a tropical paradise where powdery white beaches meet crystal-clear turquoise waters and lush green mountains. This island gem in the Indian Ocean offers everything from vibrant coral reefs and world-class diving to cascading waterfalls and charming sugarcane fields. Explore the colorful capital of Port Louis, marvel at the Seven Colored Earths of Chamarel, or relax under swaying palm trees by the sea. With its warm hospitality, delicious Creole cuisine, and breathtaking scenery, Mauritius is a dreamy escape to paradise!",No,https://en.wikipedia.org/wiki/Mauritius,https://www.mymauritius.travel/,,TRUE,,,
14,Africa,Sierra Leone,,,,You are looking for a country,This country had a civil war from 1991 to 2002. Since that time is has worked to rebuild its infrastructure and foster peace and stability.,"Sierra Leone is a hidden treasure of West Africa, where golden beaches stretch endlessly along the Atlantic and lush rainforests brim with vibrant wildlife. Discover the bustling streets of Freetown, home to the historic Cotton Tree and rich cultural heritage, or relax on the pristine shores of Tokeh Beach. Explore breathtaking islands like Banana Island or journey inland to encounter scenic waterfalls and nature reserves. With its warm hospitality, fascinating history, and stunning natural beauty, Sierra Leone is a destination waiting to captivate adventurous travelers!",No,https://en.wikipedia.org/wiki/Sierra_Leone,https://tourismsierraleone.com/,,TRUE,,,
15,North America,USA,Maine,,,"You are looking for a State, Territory, or Province",Famous for Lobsters,"Maine is a breathtaking haven of rugged coastlines, charming lighthouses, and endless outdoor adventures. Known as the ""Pine Tree State,"" it’s a paradise for nature lovers with its dense forests, sparkling lakes, and iconic Acadia National Park. Feast on fresh lobster in quaint seaside towns, kayak along its stunning shores, or watch the sunrise from Cadillac Mountain, the first place it touches the U.S. With its cozy charm and wild beauty, Maine offers an unforgettable escape into New England’s heart!",No,https://en.wikipedia.org/wiki/Maine,https://www.visit-maine.com/state/,,TRUE,,,
16,Africa,Botswana,,Botswana,Sub-Saharan Africa,You are looking for a country,,,,,,,FALSE,No public photo library,,
17,Africa,Egypt,,Cairo,North Africa,You are Looking to a City,,,,,,hot semi-arid climate,FALSE,No public photo library,,
18,Africa,Morocco,,Marrakech,North Africa,You are Looking to a City,,,,,https://www.visitmorocco.com/en,hot semi-arid climate,FALSE,No public photo library,https://www.visitmorocco.com/en,
19,Africa,Rwanda,,,,You are looking for a country,,,,,,,FALSE,No public photo library,,
20,Africa,South Africa,,,,You are looking for a country,,,,,,,FALSE,,,
21,Africa,South Aftica,,Cape Town,Sub-Saharan Africa,You are Looking to a City,,,,,,Mediterranean climate,FALSE,,,
22,Africa,Sychelles,,,,You are looking for a country,,,,,,,FALSE,,,
23,Asia,China,Hong Kong,,,"You are looking for a State, Territory, or Province",,,,,,,FALSE,,,
24,Asia,China,,,,You are looking for a country,,,,,,,FALSE,,,
25,Asia,Japan,,,,You are looking for a country,,,,,,,FALSE,,,
26,Asia,Jordan,,,,You are looking for a country,,,,,,,FALSE,,,
27,Asia,Nepal and China,,Mount Everest,South East Asia,It is an attraction,It is a famous Georgraphic Feature,,,,,,FALSE,,,
28,Asia,Saudi Arabia,,,,You are looking for a country,,,,,,,FALSE,,,
29,Australia,Australia,,Queensland,,"You are looking for a State, Territory, or Province",,,,,,,FALSE,,,
30,Australia,Australia,,Western Australia,,"You are looking for a State, Territory, or Province",,,,,,,FALSE,,,
31,Europe,Finland,,,,You are looking for a country,,,,,,,FALSE,,,
32,Europe,France,,,,You are looking for a country,,,,,,,FALSE,,,
33,Europe,Georgia,,,,You are looking for a country,,,,,,,FALSE,,,
34,Europe,Germany,,,,You are looking for a country,,,,,,,FALSE,,,
35,Europe,Greeland,,,,You are looking for a country,,,,,,,FALSE,,,
36,Europe,Iceland,,,,You are looking for a country,Its a Country that is also an Island,,,,,,FALSE,,,
37,Europe,Ireland,,,,You are looking for a country,,,,,,,FALSE,,,
38,Europe,Italy,,Rome,Western Europe,You are Looking to a City,,,,,,Mediterranean climate,FALSE,,,
39,,,,,,,,,,,,,FALSE,,,
40,Europe,Italy,,,,You are looking for a country,,,,,,,FALSE,,,
41,,,,,,,,,,,,,FALSE,,,
42,Europe,Netherlands,,Aruba,,"You are looking for a State, Territory, or Province",,,,,,,FALSE,,,
43,,,,,,,,,,,,,FALSE,,,
44,Europe,Norway,,,,You are looking for a country,,,,,,,FALSE,,,
45,,,,,,,,,,,,,FALSE,,,
46,Europe,Poland,,,,You are looking for a country,,,,,,,FALSE,,,
47,,,,,,,,,,,,,FALSE,,,
48,Europe,Portugal,,,,You are looking for a country,,,,,,,FALSE,,,
49,,,,,,,,,,,,,FALSE,,,
50,Europe,Slovenia,,,,You are looking for a country,,,,,,,FALSE,,,
51,,,,,,,,,,,,,FALSE,,,
52,Europe,Spain,,,,You are looking for a country,,,,,,,FALSE,,,
53,,,,,,,,,,,,,FALSE,,,
54,Europe,Sweden,,,,You are looking for a country,,,,,,,FALSE,,,
55,,,,,,,,,,,,,FALSE,,,
56,Europe,United Kingdom,,,,You are looking for a country,,,,,,,FALSE,,,
57,,,,,,,,,,,,,FALSE,,,
58,North America,Canada,Quebec,Charlevoix,,"You are looking for a State, Territory, or Province",,,,,,,FALSE,,,
59,,,,,,,,,,,,,FALSE,,,
60,North America,Canada,Quebec,Saguenay,,"You are looking for a State, Territory, or Province",,,,,,,FALSE,,,
61,,,,,,,,,,,,,FALSE,,,
62,North America,Canada,Quebec,,,"You are looking for a State, Territory, or Province",,,,,,,FALSE,,,
63,North America,Canada,Saskatchawan,,,"You are looking for a State, Territory, or Province",,,,,,,FALSE,,,
64,North America,Canada,,Alberta,,"You are looking for a State, Territory, or Province",,,,,,,FALSE,,,
65,North America,Canada,,New Brunswick,,"You are looking for a State, Territory, or Province",,,,,,,FALSE,,,
66,North America,Canada,,Niagara Falls,,"You are looking for a State, Territory, or Province",,,,,,,FALSE,,,
67,North America,Canada,,Nova Scotia,,"You are looking for a State, Territory, or Province",,,,,,,FALSE,,,
68,North America,Saint Lucia,,,,You are looking for a country,,,,,,,FALSE,,,
69,North America,Turks and Caicos,,Providenciales,Carribean,It is a travel destination,It is an Island,,,,,Tropical,FALSE,,,
70,North America,USA,Alabama,,,"You are looking for a State, Territory, or Province",,,,,,,FALSE,,,
71,North America,USA,Alaska,,,"You are looking for a State, Territory, or Province",,,,,,,FALSE,,,
72,North America,USA,Arizona,Grand Canyon,North America,It is a famous geological formation,,,,,,Desert,FALSE,,,
73,North America,USA,Arizona,,,"You are looking for a State, Territory, or Province",,,,,,,FALSE,,,
74,North America,USA,Arkansas,,,"You are looking for a State, Territory, or Province",,,,,,,FALSE,,,
75,North America,USA,Califorina,,,"You are looking for a State, Territory, or Province",,,,,,,FALSE,,,
76,North America,USA,Colorado,,,"You are looking for a State, Territory, or Province",,,,,,,FALSE,,,
77,North America,USA,Delaware,,,"You are looking for a State, Territory, or Province",,,,,,,FALSE,,,
78,North America,USA,Florida,,,"You are looking for a State, Territory, or Province",,,,,,,FALSE,,,
79,North America,USA,Georgia,,,"You are looking for a State, Territory, or Province",,,,,,,FALSE,,,
80,North America,USA,Idaho,,,"You are looking for a State, Territory, or Province",,,,,,,FALSE,,,
81,North America,USA,Illinois,Chicago,North America,You are Looking to a City,,,,,,,FALSE,,,
82,North America,USA,Indiana,,,"You are looking for a State, Territory, or Province",,,,,,,FALSE,,,
83,North America,USA,Kansas,,,"You are looking for a State, Territory, or Province",,,,,,,FALSE,,,
84,North America,USA,Kentucky,,,"You are looking for a State, Territory, or Province",,,,,,,FALSE,,,
85,North America,USA,Louisiana,,,"You are looking for a State, Territory, or Province",,,,,,,FALSE,,,
86,North America,USA,Maryland,,,"You are looking for a State, Territory, or Province",,,,,,,FALSE,,,
87,North America,USA,Massachusetts,,,"You are looking for a State, Territory, or Province",,,,,,,FALSE,,,
88,North America,USA,Minnesota,,,"You are looking for a State, Territory, or Province",,,,,,,FALSE,,,
89,North America,USA,Missouri,,,"You are looking for a State, Territory, or Province",,,,,,,FALSE,,,
90,North America,USA,Montana,,,"You are looking for a State, Territory, or Province",,,,,,,FALSE,,,
91,North America,USA,New Hampshire,,,"You are looking for a State, Territory, or Province",,,,,,,FALSE,,,
92,North America,USA,New Jersey,,,"You are looking for a State, Territory, or Province",,,,,,,FALSE,,,
93,North America,USA,New Mexico,,,"You are looking for a State, Territory, or Province",,,,,,,FALSE,,,
94,North America,USA,New York,New York,North America,You are Looking to a City,,,,,,,FALSE,,,
95,North America,USA,Niagara Falls,,,"You are looking for a State, Territory, or Province",,,,,,,FALSE,,,
96,North America,USA,North Carolina,,,"You are looking for a State, Territory, or Province",,,,,,,FALSE,,,
97,North America,USA,North Dakota,,,"You are looking for a State, Territory, or Province",,,,,,,FALSE,,,
98,North America,USA,Ohio,,,"You are looking for a State, Territory, or Province",,,,,,,FALSE,,,
99,North America,USA,Pennsylvania,,,"You are looking for a State, Territory, or Province",,,,,,,FALSE,,,
100,North America,USA,South Dakota,,,"You are looking for a State, Territory, or Province",,,,,,,FALSE,,,
101,North America,USA,Tennessee,,,"You are looking for a State, Territory, or Province",,,,,,,FALSE,,,
102,North America,USA,Texas,,,"You are looking for a State, Territory, or Province",,,,,,,FALSE,,,
103,Oceania,Fiji,,,,You are looking for a country,,,,,,,FALSE,,,
104,Oceania,New Zealand,,,,You are looking for a country,,,,,,,FALSE,,,
105,South America,Belize,,The Blue Hole,Central America,It is a famous geological formation,,,,,,,FALSE,,,
106,South America,Brazil,,Amazon River,South America,It is an attraction,It is a famous Georgraphic Feature,,,,,Rain Forest,FALSE,,,
107,South America,Chile,,,,You are looking for a country,,,,,,,FALSE,,,
108,South America,Colombia,,,,You are looking for a country,,,,,,,FALSE,,,
109,South America,Ecuador,,Gullapolos,South America,It is an attraction,It is a small group of Island,,,,,,FALSE,,,
110,South America,Ecuador,,,,You are looking for a country,,,,,,,FALSE,,,
111,South America,El Salvador,,,,You are looking for a country,,,,,,,FALSE,,,
112,South America,Mexico,,Cancun,Central America,You are Looking to a City,,,,,,,FALSE,,,
113,South America,Mexico,,,,You are looking for a country,,,,,,,FALSE,,,
114,South America,Panama,,,,You are looking for a country,,,,,,,FALSE,,,
115,South America,Paraguay,,,,You are looking for a country,,,,,,,FALSE,,,
116,South America,Peru,,,,You are looking for a country,,,,,,,FALSE,,,
117,,,,,,,,,,,,,FALSE,,,
118,,,,,,,,,,,,,FALSE,,,
119,,,,,,,,,,,,,FALSE,,,
120,,,,,,,,,,,,,FALSE,,,
121,,,,,,,,,,,,,FALSE,,,
122,,,,,,,,,,,,,FALSE,,,
123,,,,,,,,,,,,,FALSE,,,
124,,,,,,,,,,,,,FALSE,,,
,,,,,,,,,,,,,FALSE,,,
,,,,,,,,,,,,,FALSE,,,
,,,,,,,,,,,,,FALSE,,,
,,,,,,,,,,,,,FALSE,,,
,,,,,,,,,,,,,FALSE,,,
,,,,,,,,,,,,,FALSE,,,
,,,,,,,,,,,,,FALSE,,,
,,,,,,,,,,,,,FALSE,,,
,,,,,,,,,,,,,FALSE,,,
,,,,,,,,,,,,,FALSE,,,
,,,,,,,,,,,,,FALSE,,,
,,,,,,,,,,,,,FALSE,,,
,,,,,,,,,,,,,FALSE,,,
,,,,,,,,,,,,,FALSE,,,
,,,,,,,,,,,,,FALSE,,,
,,,,,,,,,,,,,FALSE,,,
,,,,,,,,,,,,,FALSE,,,
,,,,,,,,,,,,,FALSE,,,
,,,,,,,,,,,,,FALSE,,,
,,,,,,,,,,,,,FALSE,,,
,,,,,,,,,,,,,FALSE,,,
,,,,,,,,,,,,,FALSE,,,
,,,,,,,,,,,,,FALSE,,,
,,,,,,,,,,,,,FALSE,,,
,,,,,,,,,,,,,FALSE,,,
,,,,,,,,,,,,,FALSE,,,
,,,,,,,,,,,,,FALSE,,,
,,,,,,,,,,,,,FALSE,,,
,,,,,,,,,,,,,FALSE,,,
,,,,,,,,,,,,,FALSE,,,
,,,,,,,,,,,,,FALSE,,,
,,,,,,,,,,,,,FALSE,,,
,,,,,,,,,,,,,FALSE,,,
,,,,,,,,,,,,,FALSE,,,
,,,,,,,,,,,,,FALSE,,,
,,,,,,,,,,,,,FALSE,,,
,,,,,,,,,,,,,FALSE,,,
,,,,,,,,,,,,,FALSE,,,
,,,,,,,,,,,,,FALSE,,,
,,,,,,,,,,,,,FALSE,,,
,,,,,,,,,,,,,FALSE,,,
,,,,,,,,,,,,,FALSE,,,
,,,,,,,,,,,,,FALSE,,,
,,,,,,,,,,,,,FALSE,,,
,,,,,,,,,,,,,FALSE,,,
,,,,,,,,,,,,,FALSE,,,
,,,,,,,,,,,,,FALSE,,,
,,,,,,,,,,,,,FALSE,,,
,,,,,,,,,,,,,FALSE,,,
,,,,,,,,,,,,,FALSE,,,
,,,,,,,,,,,,,FALSE,,,
,,,,,,,,,,,,,FALSE,,,
,,,,,,,,,,,,,FALSE,,,
,,,,,,,,,,,,,FALSE,,,
,,,,,,,,,,,,,FALSE,,,
,,,,,,,,,,,,,FALSE,,,
,,,,,,,,,,,,,FALSE,,,
,,,,,,,,,,,,,FALSE,,,
,,,,,,,,,,,,,FALSE,,,
,,,,,,,,,,,,,FALSE,,,
,,,,,,,,,,,,,FALSE,,,
,,,,,,,,,,,,,FALSE,,,
,,,,,,,,,,,,,FALSE,,,
,,,,,,,,,,,,,FALSE,,,
,,,,,,,,,,,,,FALSE,,,
,,,,,,,,,,,,,FALSE,,,
,,,,,,,,,,,,,FALSE,,,
,,,,,,,,,,,,,FALSE,,,
,,,,,,,,,,,,,FALSE,,,
,,,,,,,,,,,,,FALSE,,,
,,,,,,,,,,,,,FALSE,,,
,,,,,,,,,,,,,FALSE,,,
,,,,,,,,,,,,,FALSE,,,
,,,,,,,,,,,,,FALSE,,,
,,,,,,,,,,,,,FALSE,,,
,,,,,,,,,,,,,FALSE,,,
,,,,,,,,,,,,,FALSE,,,
,,,,,,,,,,,,,FALSE,,,
,,,,,,,,,,,,,FALSE,,,
,,,,,,,,,,,,,FALSE,,,
,,,,,,,,,,,,,FALSE,,,
,,,,,,,,,,,,,FALSE,,,
,,,,,,,,,,,,,FALSE,,,
,,,,,,,,,,,,,FALSE,,,
,,,,,,,,,,,,,FALSE,,,
,,,,,,,,,,,,,FALSE,,,
,,,,,,,,,,,,,FALSE,,,
,,,,,,,,,,,,,FALSE,,,
,,,,,,,,,,,,,FALSE,,,
,,,,,,,,,,,,,FALSE,,,
,,,,,,,,,,,,,FALSE,,,
,,,,,,,,,,,,,FALSE,,,
,,,,,,,,,,,,,FALSE,,,
,,,,,,,,,,,,,FALSE,,,
,,,,,,,,,,,,,FALSE,,,
,,,,,,,,,,,,,FALSE,,,
,,,,,,,,,,,,,FALSE,,,
,,,,,,,,,,,,,FALSE,,,
,,,,,,,,,,,,,FALSE,,,
,,,,,,,,,,,,,FALSE,,,
,,,,,,,,,,,,,FALSE,,,
,,,,,,,,,,,,,FALSE,,,
,,,,,,,,,,,,,FALSE,,,
,,,,,,,,,,,,,FALSE,,,
,,,,,,,,,,,,,FALSE,,,
,,,,,,,,,,,,,FALSE,,,
,,,,,,,,,,,,,FALSE,,,
,,,,,,,,,,,,,FALSE,,,
,,,,,,,,,,,,,FALSE,,,
,,,,,,,,,,,,,FALSE,,,
,,,,,,,,,,,,,FALSE,,,
,,,,,,,,,,,,,FALSE,,,
,,,,,,,,,,,,,FALSE,,,
,,,,,,,,,,,,,FALSE,,,
,,,,,,,,,,,,,FALSE,,,
,,,,,,,,,,,,,FALSE,,,
,,,,,,,,,,,,,FALSE,,,
,,,,,,,,,,,,,FALSE,,,
,,,,,,,,,,,,,FALSE,,,
,,,,,,,,,,,,,FALSE,,,
,,,,,,,,,,,,,FALSE,,,
,,,,,,,,,,,,,FALSE,,,
,,,,,,,,,,,,,FALSE,,,
,,,,,,,,,,,,,FALSE,,,
,,,,,,,,,,,,,FALSE,,,
,,,,,,,,,,,,,FALSE,,,
,,,,,,,,,,,,,FALSE,,,
,,,,,,,,,,,,,FALSE,,,
,,,,,,,,,,,,,FALSE,,,
,,,,,,,,,,,,,FALSE,,,
,,,,,,,,,,,,,FALSE,,,
,,,,,,,,,,,,,FALSE,,,
,,,,,,,,,,,,,FALSE,,,
,,,,,,,,,,,,,FALSE,,,
,,,,,,,,,,,,,FALSE,,,
,,,,,,,,,,,,,FALSE,,,
,,,,,,,,,,,,,FALSE,,,
,,,,,,,,,,,,,FALSE,,,
,,,,,,,,,,,,,FALSE,,,
,,,,,,,,,,,,,FALSE,,,
,,,,,,,,,,,,,FALSE,,,
,,,,,,,,,,,,,FALSE,,,
,,,,,,,,,,,,,FALSE,,,
,,,,,,,,,,,,,FALSE,,,
,,,,,,,,,,,,,FALSE,,,
,,,,,,,,,,,,,FALSE,,,
,,,,,,,,,,,,,FALSE,,,
,,,,,,,,,,,,,FALSE,,,
,,,,,,,,,,,,,FALSE,,,
,,,,,,,,,,,,,FALSE,,,
,,,,,,,,,,,,,FALSE,,,
,,,,,,,,,,,,,FALSE,,,
,,,,,,,,,,,,,FALSE,,,
,,,,,,,,,,,,,FALSE,,,
,,,,,,,,,,,,,FALSE,,,
,,,,,,,,,,,,,FALSE,,,
,,,,,,,,,,,,,FALSE,,,
,,,,,,,,,,,,,FALSE,,,
,,,,,,,,,,,,,FALSE,,,
,,,,,,,,,,,,,FALSE,,,
,,,,,,,,,,,,,FALSE,,,
,,,,,,,,,,,,,FALSE,,,
,,,,,,,,,,,,,FALSE,,,
,,,,,,,,,,,,,FALSE,,,
,,,,,,,,,,,,,FALSE,,,
,,,,,,,,,,,,,FALSE,,,
,,,,,,,,,,,,,FALSE,,,
,,,,,,,,,,,,,FALSE,,,
,,,,,,,,,,,,,FALSE,,,
,,,,,,,,,,,,,FALSE,,,
,,,,,,,,,,,,,FALSE,,,
,,,,,,,,,,,,,FALSE,,,
,,,,,,,,,,,,,FALSE,,,
,,,,,,,,,,,,,FALSE,,,
,,,,,,,,,,,,,FALSE,,,
,,,,,,,,,,,,,FALSE,,,
,,,,,,,,,,,,,FALSE,,,
,,,,,,,,,,,,,FALSE,,,
,,,,,,,,,,,,,FALSE,,,
,,,,,,,,,,,,,FALSE,,,
,,,,,,,,,,,,,FALSE,,,
,,,,,,,,,,,,,FALSE,,,
,,,,,,,,,,,,,FALSE,,,
,,,,,,,,,,,,,FALSE,,,
,,,,,,,,,,,,,FALSE,,,
,,,,,,,,,,,,,FALSE,,,
,,,,,,,,,,,,,FALSE,,,
,,,,,,,,,,,,,FALSE,,,
,,,,,,,,,,,,,FALSE,,,
,,,,,,,,,,,,,FALSE,,,
,,,,,,,,,,,,,FALSE,,,
,,,,,,,,,,,,,FALSE,,,
,,,,,,,,,,,,,FALSE,,,
,,,,,,,,,,,,,FALSE,,,
,,,,,,,,,,,,,FALSE,,,
,,,,,,,,,,,,,FALSE,,,
,,,,,,,,,,,,,FALSE,,,
,,,,,,,,,,,,,FALSE,,,
,,,,,,,,,,,,,FALSE,,,
,,,,,,,,,,,,,FALSE,,,
,,,,,,,,,,,,,FALSE,,,
,,,,,,,,,,,,,FALSE,,,
,,,,,,,,,,,,,FALSE,,,
,,,,,,,,,,,,,FALSE,,,
,,,,,,,,,,,,,FALSE,,,
,,,,,,,,,,,,,FALSE,,,
,,,,,,,,,,,,,FALSE,,,
,,,,,,,,,,,,,FALSE,,,
,,,,,,,,,,,,,FALSE,,,
,,,,,,,,,,,,,FALSE,,,
,,,,,,,,,,,,,FALSE,,,
,,,,,,,,,,,,,FALSE,,,
,,,,,,,,,,,,,FALSE,,,
,,,,,,,,,,,,,FALSE,,,
,,,,,,,,,,,,,FALSE,,,
,,,,,,,,,,,,,FALSE,,,
,,,,,,,,,,,,,FALSE,,,
,,,,,,,,,,,,,FALSE,,,
,,,,,,,,,,,,,FALSE,,,
,,,,,,,,,,,,,FALSE,,,
,,,,,,,,,,,,,FALSE,,,
,,,,,,,,,,,,,FALSE,,,
,,,,,,,,,,,,,FALSE,,,
,,,,,,,,,,,,,FALSE,,,
,,,,,,,,,,,,,FALSE,,,
,,,,,,,,,,,,,FALSE,,,
,,,,,,,,,,,,,FALSE,,,
,,,,,,,,,,,,,FALSE,,,
,,,,,,,,,,,,,FALSE,,,
,,,,,,,,,,,,,FALSE,,,
,,,,,,,,,,,,,FALSE,,,
,,,,,,,,,,,,,FALSE,,,
,,,,,,,,,,,,,FALSE,,,
,,,,,,,,,,,,,FALSE,,,
,,,,,,,,,,,,,FALSE,,,
,,,,,,,,,,,,,FALSE,,,
,,,,,,,,,,,,,FALSE,,,
,,,,,,,,,,,,,FALSE,,,
,,,,,,,,,,,,,FALSE,,,
,,,,,,,,,,,,,FALSE,,,
,,,,,,,,,,,,,FALSE,,,
,,,,,,,,,,,,,FALSE,,,
,,,,,,,,,,,,,FALSE,,,
,,,,,,,,,,,,,FALSE,,,
,,,,,,,,,,,,,FALSE,,,
,,,,,,,,,,,,,FALSE,,,
,,,,,,,,,,,,,FALSE,,,
,,,,,,,,,,,,,FALSE,,,
,,,,,,,,,,,,,FALSE,,,
,,,,,,,,,,,,,FALSE,,,
,,,,,,,,,,,,,FALSE,,,
,,,,,,,,,,,,,FALSE,,,
,,,,,,,,,,,,,FALSE,,,
,,,,,,,,,,,,,FALSE,,,
,,,,,,,,,,,,,FALSE,,,
,,,,,,,,,,,,,FALSE,,,
,,,,,,,,,,,,,FALSE,,,
,,,,,,,,,,,,,FALSE,,,
,,,,,,,,,,,,,FALSE,,,
,,,,,,,,,,,,,FALSE,,,
,,,,,,,,,,,,,FALSE,,,
,,,,,,,,,,,,,FALSE,,,
,,,,,,,,,,,,,FALSE,,,
,,,,,,,,,,,,,FALSE,,,
,,,,,,,,,,,,,FALSE,,,
,,,,,,,,,,,,,FALSE,,,
,,,,,,,,,,,,,FALSE,,,
,,,,,,,,,,,,,FALSE,,,
,,,,,,,,,,,,,FALSE,,,
,,,,,,,,,,,,,FALSE,,,
,,,,,,,,,,,,,FALSE,,,
,,,,,,,,,,,,,FALSE,,,
,,,,,,,,,,,,,FALSE,,,
,,,,,,,,,,,,,FALSE,,,
,,,,,,,,,,,,,FALSE,,,
,,,,,,,,,,,,,FALSE,,,
,,,,,,,,,,,,,FALSE,,,
,,,,,,,,,,,,,FALSE,,,
,,,,,,,,,,,,,FALSE,,,
,,,,,,,,,,,,,FALSE,,,
,,,,,,,,,,,,,FALSE,,,
,,,,,,,,,,,,,FALSE,,,
,,,,,,,,,,,,,FALSE,,,
,,,,,,,,,,,,,FALSE,,,
,,,,,,,,,,,,,FALSE,,,
,,,,,,,,,,,,,FALSE,,,
,,,,,,,,,,,,,FALSE,,,
,,,,,,,,,,,,,FALSE,,,
,,,,,,,,,,,,,FALSE,,,
,,,,,,,,,,,,,FALSE,,,
,,,,,,,,,,,,,FALSE,,,
,,,,,,,,,,,,,FALSE,,,
,,,,,,,,,,,,,FALSE,,,
,,,,,,,,,,,,,FALSE,,,
,,,,,,,,,,,,,FALSE,,,
,,,,,,,,,,,,,FALSE,,,
,,,,,,,,,,,,,FALSE,,,
,,,,,,,,,,,,,FALSE,,,
,,,,,,,,,,,,,FALSE,,,
,,,,,,,,,,,,,FALSE,,,
,,,,,,,,,,,,,FALSE,,,
,,,,,,,,,,,,,FALSE,,,
,,,,,,,,,,,,,FALSE,,,
,,,,,,,,,,,,,FALSE,,,
,,,,,,,,,,,,,FALSE,,,
,,,,,,,,,,,,,FALSE,,,
,,,,,,,,,,,,,FALSE,,,
,,,,,,,,,,,,,FALSE,,,
,,,,,,,,,,,,,FALSE,,,
,,,,,,,,,,,,,FALSE,,,
,,,,,,,,,,,,,FALSE,,,
,,,,,,,,,,,,,FALSE,,,
,,,,,,,,,,,,,FALSE,,,
,,,,,,,,,,,,,FALSE,,,
,,,,,,,,,,,,,FALSE,,,
,,,,,,,,,,,,,FALSE,,,
,,,,,,,,,,,,,FALSE,,,
,,,,,,,,,,,,,FALSE,,,
,,,,,,,,,,,,,FALSE,,,
,,,,,,,,,,,,,FALSE,,,
,,,,,,,,,,,,,FALSE,,,
,,,,,,,,,,,,,FALSE,,,
,,,,,,,,,,,,,FALSE,,,
,,,,,,,,,,,,,FALSE,,,
,,,,,,,,,,,,,FALSE,,,
,,,,,,,,,,,,,FALSE,,,
,,,,,,,,,,,,,FALSE,,,
,,,,,,,,,,,,,FALSE,,,
,,,,,,,,,,,,,FALSE,,,
,,,,,,,,,,,,,FALSE,,,
,,,,,,,,,,,,,FALSE,,,
,,,,,,,,,,,,,FALSE,,,
,,,,,,,,,,,,,FALSE,,,
,,,,,,,,,,,,,FALSE,,,
,,,,,,,,,,,,,FALSE,,,
,,,,,,,,,,,,,FALSE,,,
,,,,,,,,,,,,,FALSE,,,
,,,,,,,,,,,,,FALSE,,,
,,,,,,,,,,,,,FALSE,,,
,,,,,,,,,,,,,FALSE,,,
,,,,,,,,,,,,,FALSE,,,
,,,,,,,,,,,,,FALSE,,,
,,,,,,,,,,,,,FALSE,,,
,,,,,,,,,,,,,FALSE,,,
,,,,,,,,,,,,,FALSE,,,
,,,,,,,,,,,,,FALSE,,,
,,,,,,,,,,,,,FALSE,,,
,,,,,,,,,,,,,FALSE,,,
,,,,,,,,,,,,,FALSE,,,
,,,,,,,,,,,,,FALSE,,,
,,,,,,,,,,,,,FALSE,,,
,,,,,,,,,,,,,FALSE,,,
,,,,,,,,,,,,,FALSE,,,
,,,,,,,,,,,,,FALSE,,,
,,,,,,,,,,,,,FALSE,,,
,,,,,,,,,,,,,FALSE,,,
,,,,,,,,,,,,,FALSE,,,
,,,,,,,,,,,,,FALSE,,,
,,,,,,,,,,,,,FALSE,,,
,,,,,,,,,,,,,FALSE,,,
,,,,,,,,,,,,,FALSE,,,
,,,,,,,,,,,,,FALSE,,,
,,,,,,,,,,,,,FALSE,,,
,,,,,,,,,,,,,FALSE,,,
,,,,,,,,,,,,,FALSE,,,
,,,,,,,,,,,,,FALSE,,,
,,,,,,,,,,,,,FALSE,,,
,,,,,,,,,,,,,FALSE,,,
,,,,,,,,,,,,,FALSE,,,
,,,,,,,,,,,,,FALSE,,,
,,,,,,,,,,,,,FALSE,,,
,,,,,,,,,,,,,FALSE,,,
,,,,,,,,,,,,,FALSE,,,
,,,,,,,,,,,,,FALSE,,,
,,,,,,,,,,,,,FALSE,,,
,,,,,,,,,,,,,FALSE,,,
,,,,,,,,,,,,,FALSE,,,
,,,,,,,,,,,,,FALSE,,,
,,,,,,,,,,,,,FALSE,,,
,,,,,,,,,,,,,FALSE,,,
,,,,,,,,,,,,,FALSE,,,
,,,,,,,,,,,,,FALSE,,,
,,,,,,,,,,,,,FALSE,,,
,,,,,,,,,,,,,FALSE,,,
,,,,,,,,,,,,,FALSE,,,
,,,,,,,,,,,,,FALSE,,,
,,,,,,,,,,,,,FALSE,,,
,,,,,,,,,,,,,FALSE,,,
,,,,,,,,,,,,,FALSE,,,
,,,,,,,,,,,,,FALSE,,,
,,,,,,,,,,,,,FALSE,,,
,,,,,,,,,,,,,FALSE,,,
,,,,,,,,,,,,,FALSE,,,
,,,,,,,,,,,,,FALSE,,,
,,,,,,,,,,,,,FALSE,,,
,,,,,,,,,,,,,FALSE,,,
,,,,,,,,,,,,,FALSE,,,
,,,,,,,,,,,,,FALSE,,,
,,,,,,,,,,,,,FALSE,,,
,,,,,,,,,,,,,FALSE,,,
,,,,,,,,,,,,,FALSE,,,
,,,,,,,,,,,,,FALSE,,,
,,,,,,,,,,,,,FALSE,,,
,,,,,,,,,,,,,FALSE,,,
,,,,,,,,,,,,,FALSE,,,
,,,,,,,,,,,,,FALSE,,,
,,,,,,,,,,,,,FALSE,,,
,,,,,,,,,,,,,FALSE,,,
,,,,,,,,,,,,,FALSE,,,
,,,,,,,,,,,,,FALSE,,,
,,,,,,,,,,,,,FALSE,,,
,,,,,,,,,,,,,FALSE,,,
,,,,,,,,,,,,,FALSE,,,
,,,,,,,,,,,,,FALSE,,,
,,,,,,,,,,,,,FALSE,,,
,,,,,,,,,,,,,FALSE,,,
,,,,,,,,,,,,,FALSE,,,
,,,,,,,,,,,,,FALSE,,,
,,,,,,,,,,,,,FALSE,,,
,,,,,,,,,,,,,FALSE,,,
,,,,,,,,,,,,,FALSE,,,
,,,,,,,,,,,,,FALSE,,,
,,,,,,,,,,,,,FALSE,,,
,,,,,,,,,,,,,FALSE,,,
,,,,,,,,,,,,,FALSE,,,
,,,,,,,,,,,,,FALSE,,,
,,,,,,,,,,,,,FALSE,,,
,,,,,,,,,,,,,FALSE,,,
,,,,,,,,,,,,,FALSE,,,
,,,,,,,,,,,,,FALSE,,,
,,,,,,,,,,,,,FALSE,,,
,,,,,,,,,,,,,FALSE,,,
,,,,,,,,,,,,,FALSE,,,
,,,,,,,,,,,,,FALSE,,,
,,,,,,,,,,,,,FALSE,,,
,,,,,,,,,,,,,FALSE,,,
,,,,,,,,,,,,,FALSE,,,
,,,,,,,,,,,,,FALSE,,,
,,,,,,,,,,,,,FALSE,,,
,,,,,,,,,,,,,FALSE,,,
,,,,,,,,,,,,,FALSE,,,
,,,,,,,,,,,,,FALSE,,,
,,,,,,,,,,,,,FALSE,,,
,,,,,,,,,,,,,FALSE,,,
,,,,,,,,,,,,,FALSE,,,
,,,,,,,,,,,,,FALSE,,,
,,,,,,,,,,,,,FALSE,,,
,,,,,,,,,,,,,FALSE,,,
,,,,,,,,,,,,,FALSE,,,
,,,,,,,,,,,,,FALSE,,,
,,,,,,,,,,,,,FALSE,,,
,,,,,,,,,,,,,FALSE,,,
,,,,,,,,,,,,,FALSE,,,
,,,,,,,,,,,,,FALSE,,,
,,,,,,,,,,,,,FALSE,,,
,,,,,,,,,,,,,FALSE,,,
,,,,,,,,,,,,,FALSE,,,
,,,,,,,,,,,,,FALSE,,,
,,,,,,,,,,,,,FALSE,,,
,,,,,,,,,,,,,FALSE,,,
,,,,,,,,,,,,,FALSE,,,
,,,,,,,,,,,,,FALSE,,,
,,,,,,,,,,,,,FALSE,,,
,,,,,,,,,,,,,FALSE,,,
,,,,,,,,,,,,,FALSE,,,
,,,,,,,,,,,,,FALSE,,,
,,,,,,,,,,,,,FALSE,,,
,,,,,,,,,,,,,FALSE,,,
,,,,,,,,,,,,,FALSE,,,
,,,,,,,,,,,,,FALSE,,,
,,,,,,,,,,,,,FALSE,,,
,,,,,,,,,,,,,FALSE,,,
,,,,,,,,,,,,,FALSE,,,
,,,,,,,,,,,,,FALSE,,,
,,,,,,,,,,,,,FALSE,,,
,,,,,,,,,,,,,FALSE,,,
,,,,,,,,,,,,,FALSE,,,
,,,,,,,,,,,,,FALSE,,,
,,,,,,,,,,,,,FALSE,,,
,,,,,,,,,,,,,FALSE,,,
,,,,,,,,,,,,,FALSE,,,
,,,,,,,,,,,,,FALSE,,,
,,,,,,,,,,,,,FALSE,,,
,,,,,,,,,,,,,FALSE,,,
,,,,,,,,,,,,,FALSE,,,
,,,,,,,,,,,,,FALSE,,,
,,,,,,,,,,,,,FALSE,,,
,,,,,,,,,,,,,FALSE,,,
,,,,,,,,,,,,,FALSE,,,
,,,,,,,,,,,,,FALSE,,,
,,,,,,,,,,,,,FALSE,,,
,,,,,,,,,,,,,FALSE,,,
,,,,,,,,,,,,,FALSE,,,
,,,,,,,,,,,,,FALSE,,,
,,,,,,,,,,,,,FALSE,,,
,,,,,,,,,,,,,FALSE,,,
,,,,,,,,,,,,,FALSE,,,
,,,,,,,,,,,,,FALSE,,,
,,,,,,,,,,,,,FALSE,,,
,,,,,,,,,,,,,FALSE,,,
,,,,,,,,,,,,,FALSE,,,
,,,,,,,,,,,,,FALSE,,,
,,,,,,,,,,,,,FALSE,,,
,,,,,,,,,,,,,FALSE,,,
,,,,,,,,,,,,,FALSE,,,
,,,,,,,,,,,,,FALSE,,,
,,,,,,,,,,,,,FALSE,,,
,,,,,,,,,,,,,FALSE,,,
,,,,,,,,,,,,,FALSE,,,
,,,,,,,,,,,,,FALSE,,,
,,,,,,,,,,,,,FALSE,,,
,,,,,,,,,,,,,FALSE,,,
,,,,,,,,,,,,,FALSE,,,
,,,,,,,,,,,,,FALSE,,,
,,,,,,,,,,,,,FALSE,,,
,,,,,,,,,,,,,FALSE,,,
,,,,,,,,,,,,,FALSE,,,
,,,,,,,,,,,,,FALSE,,,
,,,,,,,,,,,,,FALSE,,,
,,,,,,,,,,,,,FALSE,,,
,,,,,,,,,,,,,FALSE,,,
,,,,,,,,,,,,,FALSE,,,
,,,,,,,,,,,,,FALSE,,,
,,,,,,,,,,,,,FALSE,,,
,,,,,,,,,,,,,FALSE,,,
,,,,,,,,,,,,,FALSE,,,
,,,,,,,,,,,,,FALSE,,,
,,,,,,,,,,,,,FALSE,,,
,,,,,,,,,,,,,FALSE,,,
,,,,,,,,,,,,,FALSE,,,
,,,,,,,,,,,,,FALSE,,,
,,,,,,,,,,,,,FALSE,,,
,,,,,,,,,,,,,FALSE,,,
,,,,,,,,,,,,,FALSE,,,
,,,,,,,,,,,,,FALSE,,,
,,,,,,,,,,,,,FALSE,,,
,,,,,,,,,,,,,FALSE,,,
,,,,,,,,,,,,,FALSE,,,
,,,,,,,,,,,,,FALSE,,,
,,,,,,,,,,,,,FALSE,,,
,,,,,,,,,,,,,FALSE,,,
,,,,,,,,,,,,,FALSE,,,
,,,,,,,,,,,,,FALSE,,,
,,,,,,,,,,,,,FALSE,,,
,,,,,,,,,,,,,FALSE,,,
,,,,,,,,,,,,,FALSE,,,
,,,,,,,,,,,,,FALSE,,,
,,,,,,,,,,,,,FALSE,,,
,,,,,,,,,,,,,FALSE,,,
,,,,,,,,,,,,,FALSE,,,
,,,,,,,,,,,,,FALSE,,,
,,,,,,,,,,,,,FALSE,,,
,,,,,,,,,,,,,FALSE,,,
,,,,,,,,,,,,,FALSE,,,
,,,,,,,,,,,,,FALSE,,,
,,,,,,,,,,,,,FALSE,,,
,,,,,,,,,,,,,FALSE,,,
,,,,,,,,,,,,,FALSE,,,
,,,,,,,,,,,,,FALSE,,,
,,,,,,,,,,,,,FALSE,,,
,,,,,,,,,,,,,FALSE,,,
,,,,,,,,,,,,,FALSE,,,
,,,,,,,,,,,,,FALSE,,,
,,,,,,,,,,,,,FALSE,,,
,,,,,,,,,,,,,FALSE,,,
,,,,,,,,,,,,,FALSE,,,
,,,,,,,,,,,,,FALSE,,,
,,,,,,,,,,,,,FALSE,,,
,,,,,,,,,,,,,FALSE,,,
,,,,,,,,,,,,,FALSE,,,
,,,,,,,,,,,,,FALSE,,,
,,,,,,,,,,,,,FALSE,,,
,,,,,,,,,,,,,FALSE,,,
,,,,,,,,,,,,,FALSE,,,
,,,,,,,,,,,,,FALSE,,,
,,,,,,,,,,,,,FALSE,,,
,,,,,,,,,,,,,FALSE,,,
,,,,,,,,,,,,,FALSE,,,
,,,,,,,,,,,,,FALSE,,,
,,,,,,,,,,,,,FALSE,,,
,,,,,,,,,,,,,FALSE,,,
,,,,,,,,,,,,,FALSE,,,
,,,,,,,,,,,,,FALSE,,,
,,,,,,,,,,,,,FALSE,,,
,,,,,,,,,,,,,FALSE,,,
,,,,,,,,,,,,,FALSE,,,
,,,,,,,,,,,,,FALSE,,,
,,,,,,,,,,,,,FALSE,,,
,,,,,,,,,,,,,FALSE,,,
,,,,,,,,,,,,,FALSE,,,
,,,,,,,,,,,,,FALSE,,,
,,,,,,,,,,,,,FALSE,,,
,,,,,,,,,,,,,FALSE,,,
,,,,,,,,,,,,,FALSE,,,
,,,,,,,,,,,,,FALSE,,,
,,,,,,,,,,,,,FALSE,,,
,,,,,,,,,,,,,FALSE,,,
,,,,,,,,,,,,,FALSE,,,
,,,,,,,,,,,,,FALSE,,,
,,,,,,,,,,,,,FALSE,,,
,,,,,,,,,,,,,FALSE,,,
,,,,,,,,,,,,,FALSE,,,
,,,,,,,,,,,,,FALSE,,,
,,,,,,,,,,,,,FALSE,,,
,,,,,,,,,,,,,FALSE,,,
,,,,,,,,,,,,,FALSE,,,
,,,,,,,,,,,,,FALSE,,,
,,,,,,,,,,,,,FALSE,,,
,,,,,,,,,,,,,FALSE,,,
,,,,,,,,,,,,,FALSE,,,
,,,,,,,,,,,,,FALSE,,,
,,,,,,,,,,,,,FALSE,,,
,,,,,,,,,,,,,FALSE,,,
,,,,,,,,,,,,,FALSE,,,
,,,,,,,,,,,,,FALSE,,,
,,,,,,,,,,,,,FALSE,,,
,,,,,,,,,,,,,FALSE,,,
,,,,,,,,,,,,,FALSE,,,
,,,,,,,,,,,,,FALSE,,,
,,,,,,,,,,,,,FALSE,,,
,,,,,,,,,,,,,FALSE,,,
,,,,,,,,,,,,,FALSE,,,
,,,,,,,,,,,,,FALSE,,,
,,,,,,,,,,,,,FALSE,,,
,,,,,,,,,,,,,FALSE,,,
,,,,,,,,,,,,,FALSE,,,
,,,,,,,,,,,,,FALSE,,,
,,,,,,,,,,,,,FALSE,,,
,,,,,,,,,,,,,FALSE,,,
,,,,,,,,,,,,,FALSE,,,
,,,,,,,,,,,,,FALSE,,,
,,,,,,,,,,,,,FALSE,,,
,,,,,,,,,,,,,FALSE,,,
,,,,,,,,,,,,,FALSE,,,
,,,,,,,,,,,,,FALSE,,,
,,,,,,,,,,,,,FALSE,,,
,,,,,,,,,,,,,FALSE,,,
,,,,,,,,,,,,,FALSE,,,
,,,,,,,,,,,,,FALSE,,,
,,,,,,,,,,,,,FALSE,,,
,,,,,,,,,,,,,FALSE,,,
,,,,,,,,,,,,,FALSE,,,
,,,,,,,,,,,,,FALSE,,,
,,,,,,,,,,,,,FALSE,,,
,,,,,,,,,,,,,FALSE,,,
,,,,,,,,,,,,,FALSE,,,
,,,,,,,,,,,,,FALSE,,,
,,,,,,,,,,,,,FALSE,,,
,,,,,,,,,,,,,FALSE,,,
,,,,,,,,,,,,,FALSE,,,
,,,,,,,,,,,,,FALSE,,,
,,,,,,,,,,,,,FALSE,,,
,,,,,,,,,,,,,FALSE,,,
,,,,,,,,,,,,,FALSE,,,
,,,,,,,,,,,,,FALSE,,,
,,,,,,,,,,,,,FALSE,,,
,,,,,,,,,,,,,FALSE,,,
,,,,,,,,,,,,,FALSE,,,
,,,,,,,,,,,,,FALSE,,,
,,,,,,,,,,,,,FALSE,,,
,,,,,,,,,,,,,FALSE,,,
,,,,,,,,,,,,,FALSE,,,
,,,,,,,,,,,,,FALSE,,,
,,,,,,,,,,,,,FALSE,,,
,,,,,,,,,,,,,FALSE,,,
,,,,,,,,,,,,,FALSE,,,
,,,,,,,,,,,,,FALSE,,,
,,,,,,,,,,,,,FALSE,,,
,,,,,,,,,,,,,FALSE,,,
,,,,,,,,,,,,,FALSE,,,
,,,,,,,,,,,,,FALSE,,,
,,,,,,,,,,,,,FALSE,,,
,,,,,,,,,,,,,FALSE,,,
,,,,,,,,,,,,,FALSE,,,
,,,,,,,,,,,,,FALSE,,,
,,,,,,,,,,,,,FALSE,,,
,,,,,,,,,,,,,FALSE,,,
,,,,,,,,,,,,,FALSE,,,
,,,,,,,,,,,,,FALSE,,,
,,,,,,,,,,,,,FALSE,,,
,,,,,,,,,,,,,FALSE,,,
,,,,,,,,,,,,,FALSE,,,
,,,,,,,,,,,,,FALSE,,,
,,,,,,,,,,,,,FALSE,,,
,,,,,,,,,,,,,FALSE,,,
,,,,,,,,,,,,,FALSE,,,
,,,,,,,,,,,,,FALSE,,,
,,,,,,,,,,,,,FALSE,,,
,,,,,,,,,,,,,FALSE,,,
,,,,,,,,,,,,,FALSE,,,
,,,,,,,,,,,,,FALSE,,,
,,,,,,,,,,,,,FALSE,,,
,,,,,,,,,,,,,FALSE,,,
,,,,,,,,,,,,,FALSE,,,
,,,,,,,,,,,,,FALSE,,,
,,,,,,,,,,,,,FALSE,,,
,,,,,,,,,,,,,FALSE,,,
,,,,,,,,,,,,,FALSE,,,
,,,,,,,,,,,,,FALSE,,,
,,,,,,,,,,,,,FALSE,,,
,,,,,,,,,,,,,FALSE,,,
,,,,,,,,,,,,,FALSE,,,
,,,,,,,,,,,,,FALSE,,,
,,,,,,,,,,,,,FALSE,,,
,,,,,,,,,,,,,FALSE,,,
,,,,,,,,,,,,,FALSE,,,
,,,,,,,,,,,,,FALSE,,,
,,,,,,,,,,,,,FALSE,,,
,,,,,,,,,,,,,FALSE,,,
,,,,,,,,,,,,,FALSE,,,
,,,,,,,,,,,,,FALSE,,,
,,,,,,,,,,,,,FALSE,,,
,,,,,,,,,,,,,FALSE,,,
,,,,,,,,,,,,,FALSE,,,
,,,,,,,,,,,,,FALSE,,,
,,,,,,,,,,,,,FALSE,,,
,,,,,,,,,,,,,FALSE,,,
,,,,,,,,,,,,,FALSE,,,
,,,,,,,,,,,,,FALSE,,,
,,,,,,,,,,,,,FALSE,,,
,,,,,,,,,,,,,FALSE,,,
,,,,,,,,,,,,,FALSE,,,
,,,,,,,,,,,,,FALSE,,,
,,,,,,,,,,,,,FALSE,,,
,,,,,,,,,,,,,FALSE,,,
,,,,,,,,,,,,,FALSE,,,
,,,,,,,,,,,,,FALSE,,,
,,,,,,,,,,,,,FALSE,,,
,,,,,,,,,,,,,FALSE,,,
,,,,,,,,,,,,,FALSE,,,
,,,,,,,,,,,,,FALSE,,,
,,,,,,,,,,,,,FALSE,,,
,,,,,,,,,,,,,FALSE,,,
,,,,,,,,,,,,,FALSE,,,
,,,,,,,,,,,,,FALSE,,,
,,,,,,,,,,,,,FALSE,,,
,,,,,,,,,,,,,FALSE,,,
,,,,,,,,,,,,,FALSE,,,
,,,,,,,,,,,,,FALSE,,,
,,,,,,,,,,,,,FALSE,,,
,,,,,,,,,,,,,FALSE,,,
,,,,,,,,,,,,,FALSE,,,
,,,,,,,,,,,,,FALSE,,,
,,,,,,,,,,,,,FALSE,,,
,,,,,,,,,,,,,FALSE,,,
,,,,,,,,,,,,,FALSE,,,
,,,,,,,,,,,,,FALSE,,,
,,,,,,,,,,,,,FALSE,,,
,,,,,,,,,,,,,FALSE,,,
,,,,,,,,,,,,,FALSE,,,
,,,,,,,,,,,,,FALSE,,,
,,,,,,,,,,,,,FALSE,,,
,,,,,,,,,,,,,FALSE,,,
,,,,,,,,,,,,,FALSE,,,
,,,,,,,,,,,,,FALSE,,,
,,,,,,,,,,,,,FALSE,,,
,,,,,,,,,,,,,FALSE,,,
,,,,,,,,,,,,,FALSE,,,
,,,,,,,,,,,,,FALSE,,,
,,,,,,,,,,,,,FALSE,,,
,,,,,,,,,,,,,FALSE,,,
,,,,,,,,,,,,,FALSE,,,
,,,,,,,,,,,,,FALSE,,,
,,,,,,,,,,,,,FALSE,,,
,,,,,,,,,,,,,FALSE,,,
,,,,,,,,,,,,,FALSE,,,
,,,,,,,,,,,,,FALSE,,,
,,,,,,,,,,,,,FALSE,,,
,,,,,,,,,,,,,FALSE,,,
,,,,,,,,,,,,,FALSE,,,
,,,,,,,,,,,,,FALSE,,,
,,,,,,,,,,,,,FALSE,,,
,,,,,,,,,,,,,FALSE,,,
,,,,,,,,,,,,,FALSE,,,
,,,,,,,,,,,,,FALSE,,,
,,,,,,,,,,,,,FALSE,,,
,,,,,,,,,,,,,FALSE,,,
,,,,,,,,,,,,,FALSE,,,
,,,,,,,,,,,,,FALSE,,,
,,,,,,,,,,,,,FALSE,,,
,,,,,,,,,,,,,FALSE,,,
,,,,,,,,,,,,,FALSE,,,
,,,,,,,,,,,,,FALSE,,,
,,,,,,,,,,,,,FALSE,,,
,,,,,,,,,,,,,FALSE,,,
,,,,,,,,,,,,,FALSE,,,
,,,,,,,,,,,,,FALSE,,,
,,,,,,,,,,,,,FALSE,,,
,,,,,,,,,,,,,FALSE,,,
,,,,,,,,,,,,,FALSE,,,
,,,,,,,,,,,,,FALSE,,,
,,,,,,,,,,,,,FALSE,,,
,,,,,,,,,,,,,FALSE,,,
,,,,,,,,,,,,,FALSE,,,
,,,,,,,,,,,,,FALSE,,,
,,,,,,,,,,,,,FALSE,,,
,,,,,,,,,,,,,FALSE,,,
,,,,,,,,,,,,,FALSE,,,
,,,,,,,,,,,,,FALSE,,,
,,,,,,,,,,,,,FALSE,,,
,,,,,,,,,,,,,FALSE,,,
,,,,,,,,,,,,,FALSE,,,
,,,,,,,,,,,,,FALSE,,,
,,,,,,,,,,,,,FALSE,,,
,,,,,,,,,,,,,FALSE,,,
,,,,,,,,,,,,,FALSE,,,
,,,,,,,,,,,,,FALSE,,,
,,,,,,,,,,,,,FALSE,,,
,,,,,,,,,,,,,FALSE,,,
,,,,,,,,,,,,,FALSE,,,
,,,,,,,,,,,,,FALSE,,,
,,,,,,,,,,,,,FALSE,,,
,,,,,,,,,,,,,FALSE,,,
,,,,,,,,,,,,,FALSE,,,
,,,,,,,,,,,,,FALSE,,,
,,,,,,,,,,,,,FALSE,,,
,,,,,,,,,,,,,FALSE,,,
,,,,,,,,,,,,,FALSE,,,
,,,,,,,,,,,,,FALSE,,,
,,,,,,,,,,,,,FALSE,,,
,,,,,,,,,,,,,FALSE,,,
,,,,,,,,,,,,,FALSE,,,
,,,,,,,,,,,,,FALSE,,,
,,,,,,,,,,,,,FALSE,,,
,,,,,,,,,,,,,FALSE,,,
,,,,,,,,,,,,,FALSE,,,
,,,,,,,,,,,,,FALSE,,,
,,,,,,,,,,,,,FALSE,,,
,,,,,,,,,,,,,FALSE,,,
,,,,,,,,,,,,,FALSE,,,
,,,,,,,,,,,,,FALSE,,,
,,,,,,,,,,,,,FALSE,,,
,,,,,,,,,,,,,FALSE,,,
,,,,,,,,,,,,,FALSE,,,
,,,,,,,,,,,,,FALSE,,,
,,,,,,,,,,,,,FALSE,,,
,,,,,,,,,,,,,FALSE,,,
,,,,,,,,,,,,,FALSE,,,
,,,,,,,,,,,,,FALSE,,,
,,,,,,,,,,,,,FALSE,,,
,,,,,,,,,,,,,FALSE,,,
,,,,,,,,,,,,,FALSE,,,
,,,,,,,,,,,,,FALSE,,,
,,,,,,,,,,,,,FALSE,,,
,,,,,,,,,,,,,FALSE,,,
,,,,,,,,,,,,,FALSE,,,
,,,,,,,,,,,,,FALSE,,,
,,,,,,,,,,,,,FALSE,,,
,,,,,,,,,,,,,FALSE,,,
,,,,,,,,,,,,,FALSE,,,
,,,,,,,,,,,,,FALSE,,,
,,,,,,,,,,,,,FALSE,,,
,,,,,,,,,,,,,FALSE,,,
,,,,,,,,,,,,,FALSE,,,
,,,,,,,,,,,,,FALSE,,,
,,,,,,,,,,,,,FALSE,,,
,,,,,,,,,,,,,FALSE,,,
,,,,,,,,,,,,,FALSE,,,
,,,,,,,,,,,,,FALSE,,,
,,,,,,,,,,,,,FALSE,,,
,,,,,,,,,,,,,FALSE,,,
,,,,,,,,,,,,,FALSE,,,
,,,,,,,,,,,,,FALSE,,,
,,,,,,,,,,,,,FALSE,,,
,,,,,,,,,,,,,FALSE,,,
,,,,,,,,,,,,,FALSE,,,
,,,,,,,,,,,,,FALSE,,,
,,,,,,,,,,,,,FALSE,,,
,,,,,,,,,,,,,FALSE,,,
,,,,,,,,,,,,,FALSE,,,
,,,,,,,,,,,,,FALSE,,,
,,,,,,,,,,,,,FALSE,,,
,,,,,,,,,,,,,FALSE,,,