#,Kevin Ready?,Continent,Country,State/Province/Territory/etc.,Location,Region,Up Front Description,Hint # 1,Description at the end (100 words),Has Chez Edited Description,Wikipedia Link,Tourism Link,Climate,Pics Uploaded?,Who logged,Pictures,TB URL,Notes
1,,,,,,,,,,,,,,FALSE,,,,
1,TRUE,Africa,Botswana,,Botswana,Sub-Saharan Africa,It is a country,An incredible haven for wildlife set among some dynamic landscapes. ,"In a continent known for outstanding wilderness experiences, Botswana stands out among other African destinations as offering some of the best. Renowned for its political stability and commitment to conservation, the country offers you access to a variety of pristine ecosystems. The Okavango Delta, a UNESCO World Heritage Site, delivers world-class safari encounters with exceptional wildlife diversity. Chobe National Park boasts one of the largest elephant populations on Earth, while the Kalahari Desert presents stark beauty and unique cultural heritage. With a low-impact, high-value tourism model, Botswana ensures exclusivity and ecological integrity. For discerning travelers seeking adventure without compromise, Botswana offers an unspoiled, expertly preserved natural environment where wildlife thrives.",Yes,https://en.wikipedia.org/wiki/Botswana,https://www.botswanatourism.co.bw/,Semi-arid climate,TRUE,,No public photo library,,
2,TRUE,Africa,Egypt,,Cairo,North Africa,It is a city,An arid destination know for incredible history - and the structures that pay homage to their past leaders.,"Egypt's capital Cairo is a fabulous fusion of ancient wonder and modern energy, where the past lives side by side with a fast-paced present. Towering above the desert outskirts are the Great Pyramids of Giza and the Sphinx, awe-inspiring relics of one of the world’s oldest civilizations. Within the city, you’ll find the Egyptian Museum, housing treasures of pharaohs, and the lively Khan El Khalili bazaar, where the scent of spices and sound of traditional music fill the air. Along the Nile River, elegant feluccas (traditional wooden sailing boats with a single sail) float past high-rise hotels and minarets that echo with the call to prayer. Whether you’re exploring ancient tombs, sipping tea in a centuries-old café, or watching the sunset over the city from the Citadel, Cairo bursting with both history and heartbeat.",Yes,https://en.wikipedia.org/wiki/Cairo,https://www.experienceegypt.eg/en,Hot semi-arid climate,TRUE,,No public photo library,,
3,TRUE,Africa,Mauritius,,,Africa,It is a country,"This country is an island which is famous for the Dodo, a flightless bird that is now extinct","Powdery white beaches meet crystal-clear turquoise waters and verdant mountains in Mauritius. This Indian Ocean island offers vibrant coral reefs and world-class diving to cascading waterfalls and charming sugarcane fields. Explore the colorful capital of Port Louis, marvel at the Seven Colored Earths of Chamarel, or relax under swaying palm trees by the sea. With its warm hospitality, delicious Creole cuisine, and breathtaking scenery, Mauritius is a dreamy escape.",Yes,https://en.wikipedia.org/wiki/Mauritius,https://www.mymauritius.travel/,Tropical maritime,TRUE,,,,
4,TRUE,Africa,Morocco,,Marrakech,North Africa,It is a city,"Lose yourself in a maze of vibrant souks, spice-laden air, and centuries-old palaces in this magical Moroccan city at the foot of the Atlas Mountains","Marrakech is a vibrant tapestry of color, culture, and centuries-old tradition, nestled near the towering Atlas Mountains. Within the ochre walls of the medina, is a maze of souks, where artisans craft leather, metal, and textiles amid the scent of spices and mint tea. The main square, Jemaa el-Fnaa, is the heart of the city and pulses with life. There, snake charmers, storytellers, and sizzling street food blend into a nightly spectacle unlike any other. Beyond the bustle, peaceful havens like the Majorelle Garden and ornate riads (local, boutique hotels) offer a tranquil contrast. Marrakech captivates with its fusion of old-world magic and modern luxury, making it an unforgetable sensory journey.",Yes,https://en.wikipedia.org/wiki/Marrakesh,https://visitmarrakech.com/en/,Hot semi-arid climate,TRUE,,No public photo library,https://www.visitmorocco.com/en,
5,TRUE,Africa,Namibia,,,Africa,It is a country,It has both the oldest dessert and the largest underground lake in the world ,"A unique blend of both European and local cultures, Namibia is a land of breathtaking contrasts where towering sand dunes meet the wild Atlantic coast and rugged mountains cradle vast savannahs. Home to the otherworldly Namib Desert, the oldest desert in the world, and the iconic red dunes of Sossusvlei, it offers a landscape like no other on Earth. From the haunting beauty of the Skeleton Coast to the rich wildlife of Etosha National Park, Namibia is brimming with adventures, natural wonders and raw, untamed beauty. ",Yes,https://en.wikipedia.org/wiki/Namibia,https://visitnamibia.com.na/,Subtropical,TRUE,,,,
6,TRUE,Africa,Sierra Leone,,,Africa,It is a country,This country had a civil war from 1991 to 2002. Since that time is has worked to rebuild its infrastructure and foster peace and stability.,"A hidden treasure of West Africa, Sierra Leone is where golden beaches stretch along the Atlantic and rainforests brim with vibrant wildlife. Discover the bustling streets of Freetown, home to the historic Cotton Tree and rich cultural heritage, or relax on the pristine shores of Tokeh Beach. Explore breathtaking islands like Banana Island or journey inland to encounter scenic waterfalls and nature reserves. With its warm hospitality, fascinating history, and stunning natural beauty, Sierra Leone is a destination that's perfect for adventurous travelers.",Yes,https://en.wikipedia.org/wiki/Sierra_Leone,https://tourismsierraleone.com/,Tropical,TRUE,,,,
7,TRUE,Africa,South Africa,,Cape Town,Sub-Saharan Africa,It is a city,"This city sits at the meeting point of two oceans, watched over by a flat-topped mountain and known for its penguins, vineyards, and apartheid history.","Cape Town balances adventure with ease, as dramatic landscapes meet a laid-back spirit. Hike to the top of Table Mountain or take a scenic drive along Chapman’s Peak, then unwind with fresh seafood and a glass of fabulous local wine as the sun sets over the Atlantic.
There’s energy here, but it doesn’t overwhelm. Instead, it invites you to explore at your own rhythm—kayak with penguins in False Bay, wander through colorful Bo-Kaap, or browse vibrant weekend markets tucked between city and sea.
Adventure lives here, but so does stillness. Cape Town lets you have both.",Yes,https://en.wikipedia.org/wiki/Cape_Town,https://www.capetown.travel/,Mediterranean climate,TRUE,,,,
8,TRUE,Africa,South Africa,,,Africa,It is a country,"A dynamic nation filled with history (sometimes a troubled history), energetic cities, beautiful beaches, remarkable wines and incredible wildlife. ","The diversity of South Africa runs from modern cities and amenities, natural wonders and an incredibly rich cultural heritage. From iconic Table Mountain to the untamed beauty of Kruger National Park, South Africa offers adventures within breathtaking scenery. Experience world-class vineyards in the Cape Winelands, vibrant city life in Johannesburg, and the historical depths of Robben Island. Encounter the Big Five on a luxury safari or relax along the Garden Route’s pristine coastline. South Africa offers journeys of transformation across a varied array of optioins. For discerning travelers seeking authenticity, excitement, and unforgettable memories, South Africa delivers with power and purpose. ",Yes,https://en.wikipedia.org/wiki/South_Africa,https://www.southafrica.net/uk/en/,semi-arid climate,TRUE,,https://digitalassets.southafrica.net/search.pp,,
9,FALSE,Africa,Sychelles,,,Africa,It is a country,"An Indian Ocean paradise of granite boulders, turquoise waters, and rare giant tortoises, this island nation is a dream escape with French flair and tropical charm.","The Seychelles are a dazzling collection of 115 gorgeous islands scattered across the Indian Ocean, where granite boulders, powdery white sand, and turquoise lagoons create postcard-perfect scenes at every turn. Whether you're snorkeling with sea turtles in clear coral waters, hiking through lush jungles on Mahé, or lounging on the secluded beaches of La Digue, this island paradise feels like a secret kept by nature itself. Luxury resorts blend into the landscape, while Creole culture adds spice and rhythm to the serene setting. It’s the kind of place where time slows down, and every sunset feels like it was made just for you. More than just a destination, The Seychelles are a daydream brought to life.",Yes,https://en.wikipedia.org/wiki/Seychelles,https://tourism.gov.sc/,Tropical maritime,TRUE,Aviva,,,
10,FALSE,Asia,China,,,Asia,It is a country,"Home to ancient walls you can see from space (sort of), spicy street food, and pandas lounging in bamboo forests, this vast land bridges dynasties and digital revolutions.","A land of staggering contrasts and epic scale, China is where ancient wonders and futuristic skylines coexist in balanced harmony. You can walk the Great Wall, wander the Forbidden City, and then hop on a bullet train to a neon-lit metropolis like Shanghai or Shenzhen. From the misty peaks of Zhangjiajie to the spicy street food stalls of Chengdu, every corner of China offers a new flavor, view, or story. Its history spans millennia, but its energy is firmly focused on the future. Whether you seek timeless traditions or cutting-edge innovation, China is a neverending story as vast as its geography.",Yes,https://en.wikipedia.org/wiki/China,???? ,Tropical and subtropical to arid and temperate regions,TRUE,Aviva,,,
11,FALSE,Asia,Japan,,,Asia,It is a country,"This country blends ancient temples and futuristic toilets, and it gave the world sushi, samurai, and sumo wrestling.","Japan is a mesmerizing blend of ancient tradition and cutting-edge modernity, where serene temples and geisha-lined streets sit just steps from glowing arcades and high-speed trains. You can slurp ramen in a bustling Tokyo alley, watch cherry blossoms drift through the air in Kyoto, or soak in an onsen with views of Mount Fuji. From meticulously crafted sushi to robot cafes, Japan is a sensory adventure wrapped in precision and beauty. Each region offers its own unique rhythm, from the quiet forests of Nara to the electric buzz of Shibuya. It’s a place where every detail matters and every moment feels a little magical.",Yes,https://en.wikipedia.org/wiki/Japan,https://www.japan.travel/en/us/,Subarctic to subtropical,TRUE,Aviva,,,
12,FALSE,Asia,Jordan,,,Asia,It is a country,"This country shares a name with one of the most famous basketball players of all time, he even has his own shoe brand named after him.","A land of ancient wonders and dramatic landscapes, Jordan is where the rose-red city of Petra rises from the desert like a mirage and Bedouin hospitality turns strangers into friends. You can float effortlessly in the Dead Sea, explore the Martian-like beauty of Wadi Rum, and follow the footsteps of history through Roman ruins in Jerash and biblical sites along the Jordan River. The country's blend of rich culture, spiritual depth, and jaw-dropping scenery makes every journey feel like an epic tale. Whether sipping tea under desert stars or hiking hidden canyons, Jordan offers adventure with soul and history with heart.",Yes,https://en.wikipedia.org/wiki/Jordan,https://visitjordan.com/,Arid,TRUE,Aviva,,,
13,TRUE,Asia,Nepal and China,Koshi Province,Mount Everest,Asia,"It is a famous geographic feature (e.g Mountain, River, Lake, etc.)",This geographic feature will leave you breathless as you take in summit view into Tibet and Nepal,"The world's highest peak, Mount Everest is truly an awesome mountain that offers climbers an incredible challenge. The trek to basecamp is a hearty adventure of its own, through rugged mountain trails, vibrant Sherpa villages, and ancient monasteries, leading to the foot of this legendary giant. Along the way, hikers experience panoramic views of towering peaks, traverse thrilling suspension bridges, and explore iconic spots like Kala Patthar, which offers one of the best views of Everest. Surrounding hikes in Sagarmatha National Park reveal pristine glaciers, rare Himalayan wildlife, and the spiritual beauty of Tengboche Monastery - and prove that the journey can be just as rewarding as the destination. Whether trekking to base camp, taking a scenic helicopter tour, or simply soaking in the grandeur of the Himalayas, the Everest region promises an unforgettable adventure for hearty explorers.",Yes,https://en.wikipedia.org/wiki/Mount_Everest,https://ntb.gov.np/everest,Alpine,TRUE,,,,
14,FALSE,Asia,Saudi Arabia,,,Asia,It is a country,"When you think of this country you think dessert and Oil, oil, oil.","Saudi Arabia is a land of striking contrasts, where futuristic cities rise from ancient sands and millennia-old ruins meet cutting-edge ambition. From the dramatic rock formations of AlUla and the Nabatean tombs of Hegra, to the sleek skyline of Riyadh and the Red Sea’s pristine coral reefs, it’s a country in the midst of a bold transformation. You can wander bustling souks, explore vast deserts on camelback, or dive into untouched marine worlds—all in one trip. With a rich tapestry of history, culture, and newfound openness to travelers, Saudi Arabia unveils its secrets to the world, one unforgettable experience at a time.",Yes,https://en.wikipedia.org/wiki/Saudi_Arabia,https://www.sta.gov.sa/en/home,Arid,TRUE,Aviva,,,
15,TRUE,Asia,Vietnam,,,Asia,It is a country,This country once defeated the United States in a war,"Vietnam is a vibrant tapestry of stunning landscapes, rich history, and unforgettable flavors. From the emerald-green waters of Ha Long Bay to the golden rice terraces of Sapa, every corner of this country tells a story of natural beauty. Wander the bustling streets of Hanoi and Ho Chi Minh City, savor the aromatic delights of pho and banh mi, or immerse yourself in the peaceful charm of ancient towns like Hoi An. Whether you're cruising the Mekong Delta or exploring misty mountains, Vietnam promises exhilarating journeys full of culture, adventure, and soul-stirring moments.",Yes,https://en.wikipedia.org/wiki/Vietnam,https://vietnam.travel/node/1336,Humid Subtropical,TRUE,,,,
16,TRUE,Australia,Australia,New South Wales,Blue Mountains,Australia,It is a famous geographic feature,A famous group of mountains in Australia,"Australia's Blue Mountains are a wonderland of dramatic cliffs, cascading waterfalls, and lush eucalyptus forests that undulate off into to the horizon. Famous for the mesmerizing blue haze created by the eucalyptus oils in the air, this UNESCO World Heritage site is ideal for nature lovers. Explore the iconic Three Sisters rock formation, ride thrilling cableways over deep valleys, or hike through ancient rainforests teeming with unique wildlife. Just a short trip from Sydney, the Blue Mountains are a bucolic escape into Australia’s serene and majestic wilderness.",Yes,https://en.wikipedia.org/wiki/Blue_Mountains_(New_South_Wales),https://www.visitbluemountains.com.au/about-blue-mountains-tourism,Tempurate,TRUE,,,,
17,TRUE,Australia,Australia,South Australia,Kangaroo Island,Australia,It is a famous geographic feature,"An island off the coast of another island, with a lot of inhabitants that hop","Kangaroo Island is a sanctuary of wildlife, pristine beaches, and rugged natural beauty just off the coast of South Australia. Known as Australia's ""zoo without fences,"" it’s home to kangaroos, koalas, sea lions, and an array of unique native animals thriving in their natural habitats. Explore the Remarkable Rocks, stroll along the powdery sands of Vivonne Bay, or marvel at the playful seals at Seal Bay. Nature lovers will find it is a must-visit destination.",Yes,https://en.wikipedia.org/wiki/Kangaroo_Island,https://www.tourkangarooisland.com.au/,Mediterranean,TRUE,,,,
18,TRUE,Australia,Australia,,Sydney,Australia,It is a city,Famous for its Opera House that suggests sails on a boat,"Home to the world-famous Sydney Opera House and Harbour Bridge, Sydney lies within the bays, points and islands of lovely Sydney Harbour. Relax on the golden sands of Bondi Beach, wander the historic streets of The Rocks, or soak in panoramic views from a ferry to Manly. With its buzzing culture, incredible dining, and endless outdoor adventures, Sydney is a blend of cosmopolitan charm and coastal paradise.",Yes,https://en.wikipedia.org/wiki/Sydney,https://www.sydney.com/,Tempurate,TRUE,,,,
19,FALSE,Europe,Finland,,,Europe,It is a country,"Where saunas outnumber people, reindeer might cause traffic jams, and the sun forgets to set—or rise—depending on the season.","Finland is a serene wonderland where northern lights dance across Arctic skies, saunas outnumber cars, and silence is considered a luxury. In winter, you can mush a husky sled through Lapland’s snowy forests, stay in a glass igloo under the stars, or meet Santa Claus in his official hometown. In summer, the land of a thousand lakes and midnight sun comes alive with wild berries, music festivals, and endless daylight. Whether you're sipping coffee in chic, design-forward Helsinki or listening to the peaceful rustle of birch trees in the countryside, Finland seemlessly blends nature, modernity and calm into one nation.",Yes,https://en.wikipedia.org/wiki/Finland,https://www.visitfinland.com/en/,Tempurate,TRUE,Aviva,,,
20,TRUE,Europe,France,,Paris,Europe,It is a city,"Know for its cuisine, art and light...","Paris, the City of Light, is a captivating blend of romance, history, and timeless elegance. From the iconic Eiffel Tower to the majestic Notre-Dame Cathedral, every corner of this enchanting city tells a story. Stroll along the charming Seine River, explore the art-filled halls of the Louvre, or savor buttery croissants at a quaint cafe. With its world-class cuisine, vibrant culture, and undeniable charm, Paris is a world-famous destination that just might steal your heart.",Yes,https://en.wikipedia.org/wiki/Paris,https://parisjetaime.com/eng/,Temperate,TRUE,,https://drive.google.com/drive/folders/1xV1ENOjxujoN9-pOZjdLia40NHQK5ukx?usp=sharing,,Not sure we can legaly use these images for commercial purposes. They are from Creative Commons
21,FALSE,Europe,France,,,Europe,It is a country,The only place where real champagne is produced.,"Like a living work of art, France is where every bite, view, and moment is steeped in style and history. From the romantic streets of Paris to the lavender fields of Provence, and the sun-drenched beaches of the French Riviera to the snowy peaks of the Alps, it's a place that constantly dazzles. You can sip wine in a medieval village, wander through world-class museums, or simply sit at a café and watch the world go by (and doing nothing has never felt so chic). With its rich culture, irresistible cuisine, and effortless charm, France doesn’t just welcome you—it seduces you.",Yes,https://en.wikipedia.org/wiki/France,https://www.france.fr/en/,Temperate,TRUE,Aviva,,,
22,FALSE,Europe,Germany,,,Europe,It is a country,"This country in Central Europe is known for its rich history, precision engineering, famous composers, and a love for hearty foods like sausages and pretzels.","Germany is a captivating mix of storybook charm and cutting-edge cool, where medieval castles perch on riverbanks and sleek trains zip between vibrant cities. You can raise a stein at a lively beer hall in Munich, wander the half-timbered villages of the Romantic Road, or dive into Berlin’s electrifying blend of history, art, and nightlife. Forests, mountains, and fairytale towns make the countryside feel straight out of a Brothers Grimm tale, while cities pulse with innovation and style. From Black Forest hikes to techno-fueled nights, Germany blends old soul and modern spirit in one incredible package.",Yes,https://en.wikipedia.org/wiki/Germany,https://www.germany.travel/en/home.html,Tempurate,TRUE,Aviva,,,
23,FALSE,North America,Greeland,,,North America,It is a country,"The name of this country suggests that it would be verdant, but it is actually very icy and snow covered most of the year.","Greenland is a vast, otherworldly frontier where icebergs drift like sculptures, glaciers creak and groan, and the silence is as profound as the scenery. Here, you can kayak alongside humpback whales, hike across tundra blooming with Arctic wildflowers, or watch the northern lights swirl above colorful villages clinging to the coast. Despite its name, Greenland is more ice than green—yet its raw beauty and remoteness make every encounter feel like an epic discovery. The Inuit culture adds depth and warmth to this stark landscape, offering insight into a way of life shaped by resilience. For those craving nature at its most powerful and pure, Greenland is the edge of the world and yet invites you in.",Yes,https://en.wikipedia.org/wiki/Greenland,https://visitgreenland.com/,Arctic,TRUE,Aviva,,,
24,TRUE,Europe,Iceland,,Iceland,Europe,It is a country,An island nation that sits between Continental Europe and North America.,"Discover the striking beauty of Iceland, where fire and ice collide in a stunning land of adventure. Witness the gorgeous flows of the Northern Lights, soak in the Blue Lagoon’s geothermal waters, embark on epic glacier hikes or whale-watching tours, and explore majestic waterfalls, black sand beaches, and volcanic landscapes. The capital city, Reykjavik offers vibrant culture, world-class cuisine, and luxurious hotels. Whether you’re chasing midnight sun in summer or magical winter wonderlands, Iceland offers an unforgettable journey. Iceland’s raw, untamed beauty is literally awesome.",Yes,https://en.wikipedia.org/wiki/Iceland,https://www.visiticeland.com/,subarctic climate,TRUE,,,,
25,FALSE,Europe,Ireland,,,Europe,It is a country,If you find a four leaf clover while in this country or if you kiss the Blarney stone while you are there you will have good luck.,"Ireland is a land of brilliant green hills, dramatic coastlines, and legends that feel just a heartbeat away from reality. You can wander through ancient castles, sip pints in cozy pubs where fiddles play into the night, or drive the winding roads of the Wild Atlantic Way, where every bend reveals a new postcard-worthy view. From the literary buzz of Dublin to the mystical beauty of the Cliffs of Moher or the Giant’s Causeway, Ireland is as rich in stories as it is in scenery. The people are famously warm, the weather delightfully unpredictable, and the charm utterly irresistible. In Ireland, every day feels like stepping into a tale told with wit, heart, and a touch of magic.",Yes,https://en.wikipedia.org/wiki/Ireland,https://www.ireland.com/en-us/,Tempurate Oceanic,TRUE,Aviva,,,
26,TRUE,Europe,Italy,,Rome,Europe,It is a city,"Julies Ceasar lived here, and he was also killed here by senators who feared he was becoming too powerful","In Rome, ancient ruins and buzzing modern in a spectacular collision that spans much of human history. One moment you're tossing a coin into the Trevi Fountain, the next you're sipping espresso in a café that’s older than most countries. The Colosseum and the Pantheon aren’t just tourist stops — they’re truly awesome time machines that make you feel the history in your bones. In Vatican City, you can marvel at Michelangelo’s ceiling and then, seconds later, walk out to a roaring Vespa-filled street. And just when you think it can’t get better, the pasta, wine, and gelato remind you it absolutely can. Rome doesn’t just tell history — it performs it on every cobbled street, every piazza, every golden hour. It’s chaotic, charming, and completely unforgettable.",Yes,https://en.wikipedia.org/wiki/Rome,https://www.turismoroma.it/en,Mediterranean climate,TRUE,,,,
27,FALSE,Europe,Italy,,,Europe,It is a country,"This European country is famed for its art, ancient ruins, world-class cuisine including pasta and pizza, stylish fashion, and modern cities steeped in history.","A feast for the senses, Italy is where ancient ruins, Renaissance art, and mouthwatering cuisine come together in a country that feels like a living masterpiece. You can stroll the cobblestone streets of Rome, float through the canals of Venice, or sip wine under the Tuscan sun with views that look straight out of a painting. From the dramatic cliffs of the Amalfi Coast to the stylish buzz of Milan, every region has its own rhythm, flavor, and flair. The pasta is fresh, the history is deep, and even a simple espresso feels like an event. In Italy, life isn’t just lived, it’s savored.",Yes,https://en.wikipedia.org/wiki/Italy,https://www.italia.it/en,Tempurate Mediterranean,TRUE,Aviva,,,
28,TRUE,Europe,Lithuania,,,Europe,It is a country,"This Baltic nation boasts medieval castles, lush forests, and a capital with baroque architecture. It was once part of a powerful commonwealth and celebrates vibrant folk traditions and basketball passion.","Not (yet) on the radar of many, the Baltic country of Lithuania blends lush forests, shimmering lakes, and medieval castles to create a fairy-tale landscape. Explore the charming cobblestone streets of Vilnius, a UNESCO-listed capital brimming with Baroque beauty and vibrant culture. From the mystical Hill of Crosses to the golden dunes of the Curonian Spit, the country is a trove of natural and historical wonders. With its warm hospitality, rich traditions, and enchanting scenery, Lithuania promises new adventures at virtually every turn. ",Yes,https://en.wikipedia.org/wiki/Lithuania,https://lithuania.travel/en/media,Humid continental,TRUE,,,,
29,FALSE,Europe,Norway,,,Europe,It is a country,"Where the sun takes midnight shifts, trolls lurk in fjords, and every road trip feels like driving through a screensaver.","Norway is like a gorgeous scenic postcard - except it's real! The landscapes, villages and fjords are so striking that it's hard to believe it's all real. You can ski, swim, and get attacked by a seagull for your waffle all in the same day. Norwegians are effortlessly cool, mostly because their national pastime is standing in saunas before jumping into freezing lakes. And yes, the sun forgets to set in summer and refuses to rise in winter, but the locals just shrug and head out for great nightlife, epic outdoor adventures and to commune with nature anyway. ",Yes,https://en.wikipedia.org/wiki/Norway,https://www.visitnorway.com/,Maritime,TRUE,Aviva,,,
30,FALSE,Europe,Poland,,,Europe,It is a country,"A land where castles outnumber coffee chains, pierogi are practically a food group, and history echoes through every cobblestone street","Poland is a dynamic blend of resilience, rich history, and vibrant culture, where medieval towns, majestic castles, and modern cities live side by side. You can wander the cobbled streets of Kraków, explore the striking architecture of Warsaw, or marvel at the seaside charm of Gdańsk. From the snow-capped Tatra Mountains to the serene beauty of Mazury’s lakes, Poland’s landscapes are as varied as its traditions. Its hearty cuisine, soulful music, and deep-rooted spirit tell stories of a nation that has endured and evolved. Poland doesn’t just invite you to explore, but draws you in with heart and history.",Yes,https://en.wikipedia.org/wiki/Poland,https://www.pot.gov.pl/en,Moderate,TRUE,Aviva,,,
31,FALSE,Europe,Portugal,,,Europe,It is a country,"This coastal nation gave the world port wine, global explorers, and the melancholic melodies of fado echoing through one city's tiled alleys.","Portugal is a sun-kissed gem where golden beaches, cobbled streets, and soulful fado music create a rhythm all its own. In Lisbon, vintage trams rattle through pastel neighborhoods perched over the sea, while Porto tempts with its riverside charm and world-famous wine. You can surf Atlantic waves by day and savor grilled sardines and custard tarts by night. Beyond the cities, explore fairytale palaces in Sintra, the dramatic cliffs of the Algarve, or the quiet vineyards of the Douro Valley. Portugal is where old-world charm and laid-back living blend together in a perfect harmony.",Yes,https://en.wikipedia.org/wiki/Portugal,https://www.visitportugal.com/en,Mediterranean,TRUE,Aviva,,,
32,FALSE,Europe,Slovenia,,,Europe,It is a country,"Tucked between Italy, Austria, and Croatia, this green gem boasts a dragon-guarded capital, fairy-tale lakes, and caves deep enough to hide an army of stalagmites","Slovenia is a hidden European treasure where alpine peaks, emerald rivers, and fairy-tale lakes come together in a compact, stunningly diverse landscape. You can row across the serene waters of Lake Bled, explore the underground marvels of Postojna Cave, or hike through the dramatic beauty of Triglav National Park. In the capital, Ljubljana, pastel baroque buildings, leafy riverbanks, and a youthful creative vibe make the city irresistibly charming. From vineyard-covered hills to Adriatic coastlines, Slovenia packs an incredible amount of wonder into one small, welcoming country. Perhaps Europe’s best-kept secret, it's peaceful, picturesque, and packed with adventure.",Yes,https://en.wikipedia.org/wiki/Slovenia,https://www.slovenia.info/en,"Sub-Mediterranean, Alpine, and continental climates",TRUE,Aviva,,,
33,FALSE,Europe,Spain,,,Europe,It is a country,"Christopher Columbus was Italian, but this countries king and queen sent him on the exploration which ""discovered"" the Americas.","Spain is a vibrant mosaic of sun-soaked beaches, historic cities, flamenco rhythms, and tapas-filled nights, where every region feels like its own unique world. You can marvel at Gaudí’s surreal architecture in Barcelona, wander the palaces of Andalusia, or dance until dawn in the buzzing streets of Madrid. From the green hills of Galicia to the fiery fiestas of Seville, Spain thrives on passion, flavor, and living life to the fullest. The food is a celebration, the pace is unapologetically relaxed, and the energy is infectious. In Spain, every day feels like a festival of culture, color, and joy.",Yes,https://en.wikipedia.org/wiki/Spain,https://www.spain.info/en/,Tempurate,TRUE,Aviva,,,
34,FALSE,Europe,Sweden,,,Europe,It is a country,"Birthplace of IKEA, ABBA, and fika breaks.","Sweden is a sleek and soulful escape where modern design, deep forests, and fika-fueled charm come together in perfect balance. In Stockholm, islands and innovation blend as effortlessly as minimalist fashion and centuries-old palaces, while Lapland offers reindeer safaris, northern lights, and cozy nights in Arctic lodges. Summer brings endless daylight and lakeside swims, while winter turns the countryside into a snow-globe dream. Whether you're strolling cobblestone streets, sailing the archipelago, or unwinding in a sauna, Sweden invites you to slow down and savor the beauty in simplicity. It's both stylish and yet quietly spectacular at the same time.",Yes,https://en.wikipedia.org/wiki/Sweden,https://visitsweden.com/,Subarctic to Oceanic,TRUE,Aviva,,,
35,TRUE,Europe,Switzerland,,,Europe,It is a country,"This country in Europe has a reputation for neutrality, banking, and watches","Switzerland is a storybook destination where snow-capped Alps, sparkling turquoise lakes, and charming villages create picture-perfect scenes. Known for world-class ski resorts, scenic train journeys, and delicious chocolate and cheese, it’s a haven for adventure and indulgence alike. Stroll through the medieval streets of Lucerne, marvel at the Matterhorn in Zermatt, or relax by the serene shores of Lake Geneva. Blending pristine beauty and rich culture, Switzerland is a ideal for adventurers, culture mavens and those who crave luxury.",Yes,https://en.wikipedia.org/wiki/Switzerland,https://www.myswitzerland.com/en-us/,Temperate,TRUE,,,,
36,FALSE,Europe,United Kingdom,,,Europe,It is a country,"Home to tea traditions, royal pageantry, and Shakespeare’s quill.","The United Kingdom is a rich blend of timeless tradition and bold modern flair, where ancient castles, literary legends, and royal pageantry meet vibrant cities and cutting-edge culture. In London, you can tour centuries of history by day and catch a West End show by night, while Edinburgh enchants with its gothic skyline and festival buzz. Beyond the cities, the UK offers rolling green hills in the Cotswolds, misty mountains in Wales, and rugged coastlines in Northern Ireland. Each region has its own accent, charm, and pub with a story to tell. From Shakespeare to Stormzy, the UK is a place where the past is always present and the bedrock of its modern drive.",Yes,https://en.wikipedia.org/wiki/United_Kingdom,https://www.visitbritain.com/en,Humid temperate oceanic,TRUE,Aviva,,,
37,TRUE,North America,Canada,Nova Scotia,Nova Scotia,North America,It is a state/territory/province,"This destination is known for its dramatic ocean views, historic lighthouses, vibrant Celtic culture, and the world’s highest tides. Here, seafood is legendary and maritime heritage runs deep.","Canada’s coastal jewel, Nova Scotia is where rugged cliffs meet the Atlantic in a dramatic display of nature’s majesty. This province commands attention with its historic sites, world-class seafood, and unspoiled landscapes. From the iconic Cabot Trail to the heritage of Lunenburg, a UNESCO World Heritage Site, Nova Scotia offers a compelling blend of culture, adventure, and natural beauty. The Bay of Fundy’s record-breaking tides and the pristine beaches of Cape Breton are must-see marvels. Whether for exploration or relaxation, Nova Scotia sets a national standard for hearty, vibrant coastal tourism. ",Yes,https://en.wikipedia.org/wiki/Nova_Scotia,https://novascotia.com/,Temperate,TRUE,Chez,,,
38,FALSE,North America,Canada,Quebec,,North America,It is a state/territory/province,"This destination blends old world charm with new world flair, offering cobblestone streets, centuries-old architecture, and a very large Francophone population. Here history, language, and culture shape every experience.","Quebec blends old-world charm and natural grandeur. Wander the cobblestone streets of Old Québec, a UNESCO World Heritage Site, where history comes alive in stunning architecture and French heritage. Beyond the cities, discover vast landscapes, from the Laurentian Mountains to the Gaspé Peninsula, ideal for hiking, biking, skiing, and scenic drives. Savor world-renowned cuisine, from fine dining in Montréal to maple delicacies in the countryside. Whether you're drawn to cultural festivals, serene nature, or vibrant urban life, Quebec welcomes you with warmth and authenticity. Embrace this destination where tradition and discovery meet in every season and is distinctly unforgettable.",Yes,https://en.wikipedia.org/wiki/Quebec,https://www.bonjourquebec.com/,Temperate,TRUE,Aviva,,,
39,TRUE,North America,Canada,Yukon,Yukon Territory,North America,It is a state/territory/province,"Explore a land where towering peaks meet endless skies, wildlife roams freely, and the northern lights dance above historic trails once traveled by gold seekers and Indigenous peoples.","One of Canada’s most compelling and authentic wilderness destinations, the Yukon is vast, unspoiled landscapes layered with rich cultural heritage. It offers an experience that is both immersive and unparalleled. Home to iconic landmarks such as the Klondike Gold Rush sites and Kluane National Park (which features North America’s highest mountain), the Yukon is a sanctuary for adventurers and history enthusiasts alike. Visitors can witness the aurora borealis, traverse pristine rivers, and engage with vibrant Indigenous cultures. Supported (in many places) by solid infrastructure and a strong commitment to sustainability, the Yukon delivers a premium northern experience for travelers seeking depth, distinction, and discovery.",Yes,https://en.wikipedia.org/wiki/Yukon,https://www.travelyukon.com/en,Subarctic,TRUE,Chez,,,
40,TRUE,North America,Canada,Yukon,,North America,It is a state/territory/province,"Jack London's ""The Call of the Wild"" is set in this territory.","The Yukon is a vast wilderness, where magical northern lights dance across the sky and rugged mountains meet untamed forests and rolling rivers. Discover the Klondike Gold Rush history in Dawson City, paddle along crystal-clear rivers, or hike through endless trails of unspoiled beauty. Whether you're spotting wildlife in Kluane National Park or marveling at the midnight sun, the Yukon offers never ending adventures in the heart of Canada's north.",Yes,https://en.wikipedia.org/wiki/Yukon,https://www.travelyukon.com/en,Subarctic,TRUE,,,,
41,FALSE,North America,Saint Lucia,,,North America,It is a country,"Famed for its twin volcanic Pitons (Gros Piton and Petit Piton), cocoa plantations, and steamy mud baths, this Caribbean island is where rainforest hikes end in rum and sunset sails","Saint Lucia is a Caribbean jewel where volcanic peaks meet lush rainforests and turquoise waters, creating a backdrop that feels almost too beautiful to be real. The iconic Pitons rise dramatically over the island, perfect for hikers and honeymooners alike, while sulfur springs, hidden waterfalls, and black sand beaches offer adventure and serenity in equal measure. In Soufrière, colorful villages pulse with Creole culture, and the scent of spicy local cuisine fills the air. Whether you’re snorkeling in coral reefs, soaking in natural hot springs, or watching the sun dip behind the mountains with a rum punch in hand, Saint Lucia wraps you in beauty, warmth, and island soul.",Yes,https://en.wikipedia.org/wiki/Saint_Lucia,https://www.stlucia.org/en/,Tropical,TRUE,Aviva,,,
42,TRUE,North America,Turks and Caicos,,Providenciales,North America,It is a state/territory/province,The most populous island of Turks and Caicos,"Turks and Caicos Islands are a tropical paradise with beautiful beaches and luxurious resorts. Famous for Grace Bay Beach, with powdery white sand and crystal-clear turquoise waters, the main island of Providenciales (or simply 'Provo') is ideal for relaxation, snorkeling, and water sports. Beyond the beach, visitors can explore Chalk Sound National Park, with its gorgeous blue lagoon, or go diving in the world’s third-largest barrier reef, teeming with vibrant marine life. Inland, the island boasts fine dining, lively beachfront bars, and historical sites like the Cheshire Hall Plantation. Whether you seek high-end resorts, secluded coves, or thrilling underwater adventures, Provo has you covered.",Yes,https://en.wikipedia.org/wiki/Providenciales,https://turksandcaicostourism.com/,Tropical,TRUE,,,,
43,FALSE,North America,USA,Arizona,Grand Canyon,North America,It is a famous geographic feature,"Carved by time and the Colorado River, this colossal American chasm is where tourists gasp, donkeys hike, and the layers of rock tell Earth’s autobiography in technicolor.","Truly awe-inspiring and one of nature’s greatest masterpieces, the Grand Canyon offers unforgetable experiences as layered rock formations tell a story over millions of years. Whether you're gazing from the South Rim’s scenic overlooks or hiking deep into the canyon’s heart, every moment connects you with something timeless. Sunrise and sunset paint the cliffs with unforgettable hues, while rafting the Colorado River reveals hidden wonders below. With options for every traveler—from guided tours to peaceful solitude—the Grand Canyon invites exploration, reflection, and lasting memories. Step into this vast landscape and witness the power and beauty of nature.",Yes,https://en.wikipedia.org/wiki/Grand_Canyon,https://www.visitarizona.com/grand-canyon/,Desert,TRUE,Aviva,,,
44,TRUE,North America,USA,Idaho,Idaho,North America,It is a state/territory/province,"This destination is a real gem, filled with hydrothermal activity and great outdoor adventures. ","Idaho has a quiet majesty, one born from pristine wilderness, towering mountains, and crystal-clear lakes that invite you to escape. From the serene beauty of the Sawtooth Range to the winding rivers of Hells Canyon, Idaho offers outdoor adventure without the crowds. Explore charming small towns, hike through unspoiled trails, or soak in natural hot springs under open skies. With world-class fly fishing, skiing, and stargazing, Idaho blends rugged beauty with peaceful solitude. Whether you seek adrenaline or stillness, Idaho delivers an unforgettable experience grounded in nature’s authenticity. Its varied and wild landscapes will infuse you with a sense of renewal.",Yes,https://en.wikipedia.org/wiki/Idaho,https://visitidaho.org/,Semi-arid,TRUE,Chez,,,
45,TRUE,North America,USA,Illinois,Chicago,North America,It is a city,The so-called 'Second City' is anything but... ,"America's so-called 'Second City', the bustling metropolis of Chicago is glitzy office towers, boutique shops, and some of the country's very best artitecture, as well as close-knit neighborhoods, riveting history, and deep-seated traditions. Its iconic skyline beckons visitors to explore landmarks such as the Willis Tower and the John Hancock Center. The renowned Art Institute of Chicago provides a world-class experience for art enthusiasts, while Millennium Park offers a massive green space to relax and enjoy outdoor events. The vibrant and charming neighborhoods of this 'City of Big Shoulders,' feature a rich diversity of dining, shopping, and cultural experiences. Whether it’s savoring the city’s famous deep-dish pizza or enjoying a leisurely stroll along the scenic Lake Michigan shoreline, Chicago’s understated elegance makes it a destination worth experiencing. With a rich history and a forward-thinking spirit, the city offers a welcoming atmosphere for those looking to discover something new in a setting that respects its past.",Yes,https://en.wikipedia.org/wiki/Chicago,https://www.choosechicago.com/,Temperate,TRUE,,,,
46,TRUE,North America,USA,Maine,,North America,It is a state/territory/province,A state famous for lobsters.,"Marked by rugged coastlines, charming lighthouses, quaint towns and outdoor adventures, Maine is alo known as the ""Pine Tree State."" Nature lovers will love its dense forests, sparkling lakes, and iconic Acadia National Park. Nosh on fresh lobster in seaside restaurants, kayak along its rocky shores, or watch the sunrise from Cadillac Mountain, the first place the sun touches the U.S. It is a delightful escape in nothern New England. ",Yes,https://en.wikipedia.org/wiki/Maine,https://www.visit-maine.com/state/,Temperate,TRUE,,,,
47,TRUE,North America,USA,Massachusetts,,North America,It is a state/territory/province,"A wicked good destination filled with history, culture, culinary delights and a surprising array of outdoor/adventure opportunities.","Explore a rich tapestry of history, culture, and natural beauty in Massachusetts. Walk the Freedom Trail in Boston, where the American Revolution began, or experience world-class art and academia in Cambridge. Coastal areas like Cape Cod and Martha’s Vineyard offer peaceful retreats with scenic beaches and maritime charm. In the Berkshires, enjoy rolling hills, cultural festivals, and outdoor adventures year-round. From colonial landmarks to vibrant cities and quiet countryside, Massachusetts blends heritage with innovation. Whether you're seeking intellectual inspiration, coastal relaxation, or historical insight, this state offers a thoughtful and rewarding travel experience. 'The Bay State' is timeless, refined, and inviting.",Yes,https://en.wikipedia.org/wiki/Massachusetts,https://www.visitma.com/,Temperate,TRUE,Chez,,,
48,TRUE,North America,USA,New York,New York,North America,It is a city,"The city that never sleeps, where yellow cabs, Broadway lights, and bagels on the go are just part of the everyday magic.","New York City is nonstop energy, culture, inovation, creativity and iconic sights, where streets feel movie sets and every moment buzzes with possibility. From the brilliant lights of Times Square to the serene paths of Central Park, the city is a playground for dreamers, artists, and hustlers alike. Catch a Broadway show, immerse yourself in history, eat world-class cuisine at 2 a.m., and ride the subway with strangers who feel like characters from a novel—all in the same day. Towering skyscrapers, hidden jazz bars, unique and eclectic restaurants and neighborhoods that feel like different nations make NYC endlessly explorable. It’s loud, fast, unpredictable—and absolutely unforgettable.",Yes,https://en.wikipedia.org/wiki/New_York_City,https://www.nyctourism.com/,Temperate,TRUE,,,,
49,TRUE,North America,USA,Ohio,Ohio,North America,It is a state/territory/province,This industrial powerhouse claims three major cities that all start with 'C'. It's also the birthplace of American aviation. ,"Ohio blends a rich tapestry of culture, history, and natural beauty. From the vibrant arts scene in Cleveland and the iconic Rock & Roll Hall of Fame to the quiet charm of Amish Country, Ohio offers something for every traveler. Wander scenic trails in Hocking Hills, experience the thrill of world-class roller coasters at Cedar Point and King's Island, or relax along Lake Erie’s peaceful shoreline. With its blend of dynamic cities and tranquil countryside, Ohio delivers a balanced, enriching getaway. Whether you're seeking inspiration, adventure, or rest, Ohio is a destination that welcomes you with authenticity and quiet confidence.",Yes,https://en.wikipedia.org/wiki/Ohio,https://ohio.org/,"Humid, continental climate",TRUE,Chez,https://ohiotheheartofitall.canto.com/v/MediaLibraryTourismOhio/landing?viewIndex=0,,
50,FALSE,Oceania,Fiji,,,Oceania,It is a country,This island nation has a premium bottled water named after it.,"A tropical paradise made up of over 300 islands, Fiji offers you crystal-clear waters, vibrant coral reefs, and palm-fringed beaches that invite you to unwind in barefoot bliss. Whether you're diving with manta rays, exploring hidden waterfalls, or enjoying a traditional kava ceremony in a remote village, Fiji delivers adventure with a warm Bula smile. The islands pulse with rich culture, friendly hospitality, and stunning natural beauty, from the luxurious resorts of the Mamanucas to the wild jungles of Taveuni. Time slows down here, replaced by ocean breezes, hammock naps, and fiery sunsets. Fiji may just be the very definition of the word 'paradise'. ",Yes,https://en.wikipedia.org/wiki/Fiji,https://www.fiji.travel/,Subtropical,TRUE,Aviva,,,
51,FALSE,Oceania,New Zealand,,,Oceania,It is a country,There has more sheep than people (almost 5 sheep for every person).,"New Zealand is a cinematic wonderland where glacier-carved mountains, lush rainforests, and otherworldly coastlines all exist within a day’s drive. From the adventure capital of Queenstown to the geothermal marvels of Rotorua and the rolling green hills of Hobbiton, every corner feels like a scene from a fantasy film (because often it was actually used as a setting in a major motion picture). You can hike ancient Māori trails, kayak through fjords, or sip wine among the vines with snow-capped peaks in the distance. Both islands brim with culture, adrenaline, and jaw-dropping natural beauty. In New Zealand, 'extraordinary' is just part of their everyday.",Yes,https://en.wikipedia.org/wiki/New_Zealand,https://www.newzealand.com/us/,Tempurate,TRUE,Aviva,,,
52,TRUE,South America,Belize,,,South America,It is a country,This country has the second largest barrier reef in the world and it the only country in Central America where English is the official language,"Known for lush jungles, Mayan ruins, and the world’s second-largest coral reef, Belize is also famous for the Blue Hole, the ancient temples of Xunantunich, and the pristine beaches of Ambergris Caye. With a vibrant culture, exotic wildlife, and turquoise waters teeming with marine life, Belize is a haven for adventurers and beach lovers alike. ",Yes,https://en.wikipedia.org/wiki/Belize,https://www.travelbelize.org/,Subtropical,TRUE,,,,
53,TRUE,South America,Bermuda,,Bermuda,South America,It is an overseas territory that is also an island,An North Atlantic island that is a British territory,"Bermuda is renown for its pink-sand beaches, turquoise waters, and charming blend of British elegance and island flair. You can explore crystal-clear waters within caves, stroll the pastel-colored streets of Hamilton, or snorkel vibrant coral reefs. Known for its year-round beauty and warm hospitality, Bermuda is a great destination for both relaxation and luxury.",Yes,https://en.wikipedia.org/wiki/Bermuda,https://www.gotobermuda.com/,"Temperate, sub-tropical",TRUE,,,,
54,TRUE,South America,Brazil,,Amazon River,South America,"It is a famous geographic feature (e.g Mountain, River, Lake, etc.)",This feature really delivers massive amounts of water through South America. It was the inspiration for the name of an online retail store too. ,"The lifeblood of the world’s largest rainforest, The Amazon River offers adventures through one of Earth’s most diverse and awe-inspiring ecosystems. Winding through dense jungle, the region is home to exotic wildlife, from pink river dolphins to jaguars and colorful macaws. Travelers can explore the Amazon by boat cruises, guided jungle treks, or canoe excursions, venturing deep into the rainforest to discover hidden lagoons, towering ceiba trees, and remote indigenous communities. You'll explore a world teeming with life, where giant anacondas slither through flooded forests and howler monkeys echo through the canopy. Whether gliding along the misty river at sunrise, spotting rare wildlife, or immersing yourself in the vibrant cultures of the Amazon, this journey is a mesmerizing blend of adventure, mystery, and natural wonder.",Yes,https://en.wikipedia.org/wiki/Amazon_River,https://visitbrasil.com/en/experience/amazon/,Rain Forest,TRUE,,,,
55,FALSE,South America,Chile,,,South America,It is a country,"If you could eat this country it would be hot and spicey, and the country is super long and narrow.","Chile is a land of staggering extremes, stretching from the driest desert on Earth in the north to the glaciers and fjords of Patagonia in the south. You can stargaze under the crystal-clear skies of the Atacama Desert, sip world-class wine in the valleys near Santiago, or hike past jagged peaks and turquoise lakes in Torres del Paine National Park. The country's narrow spine packs in volcanoes, surf-friendly beaches, and even the mysterious stone statues of Easter Island. Urban life in Santiago hums with energy, while remote villages offer peace and wild beauty. Chile is a country that stretches the imagination and yet rewards every type of traveler's passions.",Yes,https://en.wikipedia.org/wiki/Chile,https://www.chile.travel/en/,"Vary significantly from arid in the north to cool, temperate regions in the central region and a subpolar climate in the south",TRUE,Aviva,,,
56,FALSE,South America,Colombia,,,South America,It is a country,"From Andes peaks to Caribbean coasts, this vibrant country dances to cumbia beats, brews world-class coffee, and once inspired the magical realism of Gabriel García Márquez.","Colombia is a vibrant, colorful country where Andean peaks, Caribbean beaches, and lush jungles collide in spectacular fashion. You can wander the cobbled streets of Cartagena, dance till dawn in Medellín, or sip world-class coffee right where it’s grown in the green hills of the Coffee Triangle. From the mysterious ruins of Ciudad Perdida to the graffiti-covered walls of Bogotá’s La Candelaria, Colombia pulses with creativity, resilience, and joy. Its diverse landscapes are matched by its warm, welcoming people and infectious rhythms. Colombia is a celebration of life in all its boldest colors.",Yes,https://en.wikipedia.org/wiki/Colombia,https://colombia.travel/en,Tropical,TRUE,Aviva,,,
57,TRUE,South America,Costa Rica,,,Central America,It is a country,It is the smallest country that has a coast line on both the Atlantic (Carribean Sea) and Pacific oceans,"Costa Rica is known for golden beaches and active volcanoes, where you can zip-line through the treetops of Monteverde, unwind in the hot springs of Arenal, or explore the rich biodiversity of Manuel Antonio National Park. With its vibrant wildlife, eco-friendly ethos, and thrilling outdoor activities, Costa Rica attracts nature lovers and thrill-seekers alike.",Yes,https://en.wikipedia.org/wiki/Costa_Rica,https://www.visitcostarica.com/,Tropical,TRUE,,https://drive.google.com/drive/folders/1T168BzurgMZrjDeb6d18uUnRb4ITGuQP?usp=sharing,,
58,TRUE,South America,Ecuador,,Galapagos,South America,"It is a famous geographic feature (e.g Mountain, River, Lake, etc.)",A remote group of islands noted for their boobies and other wildlife.,"The Galápagos Islands offer an unparalleled wildlife adventure where the diversity of nature thrives. This remote volcanic archipelago in the Pacific Ocean is home to giant tortoises, blue-footed boobies, marine iguanas and many other unique species. This UNESCO World Heritage Site is a living laboratory of evolution. Visitors can explore the islands through guided hikes, snorkeling excursions, and boat tours, encountering crystal-clear waters teeming with sea lions, manta rays, and hammerhead sharks. From the rugged lava landscapes of Bartolomé Island to the pristine beaches of Española, every island has its own unique ecosystem to discover. Whether snorkeling with penguins, walking among fearless wildlife, or marveling at volcanic landscapes, the Galápagos promise an unforgettable journey into one of the world’s most extraordinary natural wonders.",Yes,https://en.wikipedia.org/wiki/Gal%C3%A1pagos_Islands,https://www.galapagos.org/travel/planning-a-trip/,Tropical,TRUE,,,,
59,FALSE,South America,Ecuador,,,South America,It is a country,"Straddling the equator with a foot in the Andes, the Amazon, and the Pacific, this compact country is your gateway to Galápagos wonders and chocolate straight from the source","Ecuador is a compact country bursting with biodiversity, adventure, and culture, where you can stand on the equator, hike through the Andes, explore the Amazon rainforest, and island-hop in the Galápagos—all in one unforgettable trip. In Quito, colonial charm meets high-altitude drama, while Otavalo’s markets, Baños’s waterfalls, and Cotopaxi’s snow-capped volcano offer thrills and discovery at every turn. Ecuador’s small size means big experiences are never far apart, whether you're spotting toucans in the jungle or sipping chocolate made where the cacao grows. With its warm people and wildly varied landscapes, Ecuador feels like a whole continent packed into one, accessible nation.",Yes,https://en.wikipedia.org/wiki/Ecuador,https://ecuador.travel/en/,Tropical,TRUE,Aviva,,,
60,FALSE,South America,El Salvador,,,South America,It is a country,"The smallest country in Central America packs a punch with pupusas, Pacific surf swells, and volcanoes you can hike before breakfast.","Possibly Central America's best-kept secret, El Salvador is a compact country bursting with volcanoes, surf breaks, and vibrant culture. Along the Pacific coast, world-class waves draw surfers from around the globe, while inland, you can hike scenic trails up active volcanoes or explore ancient Mayan ruins tucked in lush valleys. In San Salvador, street art, nightlife, and pupusa stands offer a taste of the country's resilient, youthful spirit. Despite its small size, El Salvador delivers big on adventure, authenticity, and natural beauty. It’s a place where raw landscapes and warm smiles create unforgettable memories.",Yes,https://en.wikipedia.org/wiki/El_Salvador,https://elsalvador.travel/esp/,Tropical,TRUE,Aviva,,,
61,TRUE,South America,Mexico,,Cancun,Central America,It is a city,"Sometimes decried as just a party town, it can also be a gateway to great local cultures and incredible ancient history.","Sure Cancún offers plenty of beaches, clubs, DJ's and nightlife, but it is also a gateway to Mexico’s rich cultural and natural heritage. Situated on the Yucatán Peninsula, this coastal city provides access to ancient Mayan ruins like Chichén Itzá and Tulum, alongside the world’s second-largest coral reef. Travelers seeking more than leisure can explore cenotes (caves), ecological reserves, and UNESCO World Heritage sites. With a range of accommodations and infrastructure that supports international visitors, Cancún is well-suited for thoughtful travelers who value both comfort and meaningful experiences. Whether for historical insight, biodiversity, or responsible tourism, Cancún stands as a compelling destination worth serious consideration.",Yes,https://en.wikipedia.org/wiki/Canc%C3%BAn,https://www.turismocancun.mx/,Mediterranean climate,TRUE,,,,
62,FALSE,South America,Mexico,,,Central America,It is a country,The biggest country in Central America and the state of Texas used to be part of this country.,"Mexico is a kaleidoscope of color, flavor, and history, where ancient ruins rise from jungle floors and mariachi music fills the evening air. From the turquoise waters of the Yucatán to the highland charm of San Miguel de Allende, every region tells its own vibrant story. You can explore Mayan pyramids, feast on tacos al pastor, or wander colonial cities bursting with art and life. The country’s traditions run deep, yet its energy is electric—modern, creative, and always inviting. In Mexico, every day feels like a fiesta for the senses.",Yes,https://en.wikipedia.org/wiki/Mexico,https://www.visit-mexico.mx/,Very diverse with arid desert regions in the north to tropical climates in the south,TRUE,Aviva,,,
63,FALSE,South America,Panama,,,Central America,It is a country,"This has country has the worlds most famous canal, connecting the Atlantic and Pacific Oceans. ","Panama is where two continents and two oceans meet, creating a thrilling mix of tropical nature, modern energy, and rich culture. You can watch massive ships pass through the iconic Panama Canal, then be surfing in the Pacific or relaxing in the Caribbean just hours later. In Panama City, gleaming skyscrapers rise beside colonial plazas, while jungles full of toucans and howler monkeys lie just beyond. Island paradises like Bocas del Toro and the San Blas Islands offer crystal-clear waters and off-the-grid bliss. Panama is a crossroads of the world and yet retains is own, individual wild heart and vibrant soul.",Yes,https://en.wikipedia.org/wiki/Panama,https://www.tourismpanama.com/,Tropical,TRUE,Aviva,,,
64,FALSE,South America,Paraguay,,,South America,It is a country,"This landlocked country in South America is named after the river that runs through it—and it's one of the few places where people commonly speak an Indigenous language alongside Spanish, and the country has a navy despite having no coastline.","Paraguay is where untamed nature, rich Guaraní heritage, and laid-back charm create a travel experience that feels both off-the-map and deeply authentic. You can cruise down the mighty Paraguay River, explore the colonial streets of Asunción, or venture into the Chaco, a wild, sprawling region home to unique wildlife and indigenous cultures. The rhythm of life here is slower, the smiles warmer, and the traditions deeply rooted in community and history. From sipping tereré in the shade to discovering ancient Jesuit ruins, Paraguay invites you to connect with not just the destination but with the local's way of life.",Yes,https://en.wikipedia.org/wiki/Paraguay,https://visitparaguay.travel/,Subtropical,TRUE,Aviva,,,
65,FALSE,South America,Peru,,,South America,It is a country,"From the misty heights of Machu Picchu to the streets that inspired Paddington Bear, this country serves up ancient empires, rainbow mountains, and ceviche that’s practically a national treasure.","Peru will humble you (in the best possible way). You can wander mist-draped trails to Machu Picchu one day and be haggling over handwoven alpaca scarves in a bustling Andean market the next. The country’s geography is wildly diverse: Amazonian jungle, snow-capped peaks, and desert coastlines all stitched together with ancient Incan roads and warm smiles. The food? Let’s just say ceviche here isn’t a dish—it’s a revelation. Peru not only welcomes you but challenges you to dig deeper, climb higher, and leave a bit transformed.",Yes,https://en.wikipedia.org/wiki/Peru,https://www.peru.travel/en,Subtropical,TRUE,Aviva,,,
66,TRUE,Africa,Egypt,,,Africa,It is a country,"A destination rife with ancient temples, a legendary river, and timeless monuments. It's a land where desert winds breathe with ancient history and vibrant bazaars echo with stories of the past.","Egypt is where ancient wonders meet modern hospitality. You can stand in awe before the Great Pyramids of Giza, explore the Valley of the Kings, and sail the serene waters of the Nile. From the bustling markets of Cairo to the tranquil shores of the Red Sea, Egypt offers a journey unlike any other. Rich in history, culture, and natural beauty, it invites travelers to connect with the past while enjoying contemporary comfort. Whether you're seeking adventure, relaxation, or enlightenment, Egypt promises an unforgettable experience. The timeless allure of this destination means that every moment echoes with the grandeur of civilization's past.",Yes,https://en.wikipedia.org/wiki/Egypt,https://www.experienceegypt.eg/en,Arid,TRUE,Chez,,,
67,TRUE,Africa,Kenya,,Mt Kilimanjaro,Africa,"It is a famous geographic feature (e.g Mountain, River, Lake, etc.)","This iconic dormant volcano towers above nearby plains, offering trekkers a journey through diverse climates—from lush rainforest to arctic summit—without the need for technical climbing.","Rising majestically above the East African landscape, Africa’s tallest free-standing mountain is a premier destination for adventure seekers and nature enthusiasts. Its distinct ecological zones, from tropical forest to alpine desert and icy summit, offer a unique trekking experience unlike any other on the continent. This dormant volcano, located in northern Tanzania, provides an accessible yet challenging climb that draws thousands of international visitors each year. With well-established routes and professional guiding services, it is an ideal choice for those seeking a high-altitude expedition. Reaching the summit is an enourmous physical achievement, as well as a profound and unforgettable journey.",Yes,https://en.wikipedia.org/wiki/Mount_Kilimanjaro,https://www.kilimanjaroparktanzania.com/,Tropical to arctic,TRUE,Chez,,,
68,FALSE,Africa,Madagascar,,,Africa,It is a country,"This coastal destination is famous for unique wildlife, including lemurs, and boasts diverse ecosystems from rainforests to deserts, shaped by millions of years of isolation.","A truly unique destination, Madagascar is an island where nature has evolved in extraordinary isolation. Home to species found nowhere else on Earth, this remarkable land invites you to explore lush rainforests, otherworldly baobab forests, and pristine coastlines. Whether you're trekking through national parks, encountering curious lemurs, or relaxing on white-sand beaches beside turquoise waters, each moment offers a sense of wonder. Rich in biodiversity and cultural heritage, this is a place for travelers seeking something rare and meaningful. Embrace the adventure, serenity, and authenticity that await in one of the world's most captivating and biologically rich destinations.",Yes,https://en.wikipedia.org/wiki/Madagascar,https://madagascar-tourisme.com/en/,Tropical,FALSE,Chez,,,
69,FALSE,Africa,Rwanda,,Rwanda,Africa,It is a country,"This land of a thousand hills is home to mountain gorillas, lush volcanoes, and one of Africa’s most remarkable stories of renewal.","A breathtaking country of rolling green hills, misty volcanoes, and vibrant cultural revival, Rwanda is at the heart of Africa. It's one of the few places on Earth where you can trek through lush rainforests to come face-to-face with endangered mountain gorillas—an encounter as humbling as it is thrilling. Beyond the incredible wildlife, Rwanda’s capital, Kigali, offers clean streets, buzzing cafes, and a powerful narrative of resilience and transformation. From Lake Kivu’s tranquil shores to the rich traditions of local villages, Rwanda blends natural beauty with a deep, inspiring spirit. It’s a destination that surprises, moves, and stays with you long after you leave.",Yes,https://en.wikipedia.org/wiki/Rwanda,https://visitrwanda.com/,,FALSE,,No public photo library,,
70,FALSE,Africa,South Africa,,Kruger National Park,,,,,,,,,FALSE,,,,
71,FALSE,Africa,Tanzania,,Tanzania,,,,,,,,,FALSE,,,,
72,FALSE,Africa,Zimbabwe,,Victoria Falls,,,,,,,,,FALSE,,,,
73,FALSE,Antarcita,Antarctica,,Antarctica,,,,,,,,,FALSE,,,,
74,FALSE,Asia,China,Hong Kong,,,It is a state/territory/province,,,,,,,FALSE,,,,
75,FALSE,Asia,China,,Beijing,,,,,,,,,FALSE,,,,
76,FALSE,Asia,China,,Macau,,,,,,,,,FALSE,,,,
77,FALSE,Asia,Dubai,,Dubai,,,,,,,,,FALSE,,,,
78,FALSE,Asia,India,,,,,,,,,,,FALSE,,,,
79,FALSE,Asia,Indonesia,,Bali,,,,,,,,,FALSE,,,,
80,FALSE,Asia,Indonesia,,Jakarta,,,,,,,,,FALSE,,,,
81,FALSE,Asia,Israel,,Tel Aviv,,,,,,,,,FALSE,,,,
82,FALSE,Asia,Japan,,Kyoto,,,,,,,,,FALSE,,,,
83,FALSE,Asia,Japan,,Tokyo,,,,,,,,,FALSE,,,,
84,FALSE,Asia,Jordan,,Petra,,,,,,,,,FALSE,,,,
85,FALSE,Asia,Mongolia,,,,,,,,,,,FALSE,,,,
86,FALSE,Asia,Nepal,,,,,,,,,,,FALSE,,,,
87,FALSE,Asia,Russia,,Moscow,,,,,,,,,FALSE,,,,
88,FALSE,Asia,Signapore,,Signapore,,,,,,,,,FALSE,,,,
89,FALSE,Asia,Thailand,,Bangkok,,,,,,,,,FALSE,,,,
90,FALSE,Asia,Thailand,,,,,,,,,,,FALSE,,,,
91,FALSE,Asia,Turkiye,,Istanbul,,,,,,,,,FALSE,,,,
92,FALSE,Asia,Turkiye,,,,,,,,,,,FALSE,,,,
93,FALSE,Asia,Türkiye,,Cappadocia,,,,,,,,,FALSE,,,,
94,FALSE,Australia,Australia,Queensland,,,It is a state/territory/province,,,,,,,FALSE,,,,
95,FALSE,Australia,Australia,Western Australia,,,It is a state/territory/province,,,,,,,FALSE,,,,
96,FALSE,Australia,Australia,,Tasmania,,,,,,,,,FALSE,,,,
97,FALSE,Europe,Austria,,Vienna,,,,,,,,,FALSE,,,,
98,FALSE,Europe,Britain,,Gibraltar,,,,,,,,,FALSE,,,,
99,FALSE,Europe,Croatia,,Debrovnic,,,,,,,,,FALSE,,,,
100,FALSE,Europe,Czech Republic,,Prague,,,,,,,,,FALSE,,,,
101,FALSE,Europe,France,,South of France,,,,,,,,,FALSE,,,,
102,FALSE,Europe,France,,Tuscany,,,,,,,,,FALSE,,,,
103,FALSE,Europe,Georgia,,,,It is a country,This country also has the same name as one the United States' 50 states.,"Georgia, tucked between the Caucasus Mountains and the Black Sea, is a stunning blend of ancient history, bold landscapes, and famously warm hospitality. In one day, you can hike to a hilltop monastery in Kazbegi, sip amber wine in the sun-drenched vineyards of Kakheti, and explore the cobbled streets of Tbilisi, where centuries-old churches sit beside buzzing cafes and art galleries. Known as the birthplace of wine, Georgia pairs its deep traditions with a spirited, creative energy that surprises and delights. Whether you're savoring khachapuri by a mountain view or clinking glasses to “gaumarjos” with strangers who feel like old friends, Georgia is where every moment feels like a discovery.",Yes,,,,FALSE,,,,
104,FALSE,Europe,Germany,Bavaria,Munich,,,,,,,,,FALSE,,,,
105,FALSE,Europe,Germany,,Berlin,,,,,,,,,FALSE,,,,
106,FALSE,Europe,Greece,,Athens,,,,,,,,,FALSE,,,,
107,FALSE,Europe,Greece,,Santorini,,,,,,,,,FALSE,,,,
108,FALSE,Europe,Hungary,,Budapest,,,,,,,,,FALSE,,,,
109,FALSE,Europe,Italy,,Amalfi Coast,,,,,,,,,FALSE,,,,
110,FALSE,Europe,Italy,,Sicily,,,,,,,,,FALSE,,,,
111,FALSE,Europe,Italy,,Venice,,,,,,,,,FALSE,,,,
112,FALSE,Europe,Malta,,,,,,,,,,,FALSE,,,,
113,FALSE,Europe,Netherlands,Aruba,,,It is a state/territory/province,,,,,,,FALSE,,,,
114,FALSE,Europe,Portugal,,Lisbon,,,,,,,,,FALSE,,,,
115,FALSE,Europe,Spain,,Barcelona,,,,,,,,,FALSE,,,,
116,FALSE,Europe,Spain,,Ibiza,,,,,,,,,FALSE,,,,
117,FALSE,Europe,Spain,,Madrid,,,,,,,,,FALSE,,,,
118,FALSE,Europe,Spain,,Mojorca,,,,,,,,,FALSE,,,,
119,FALSE,Europe,Spain,,Seville,,,,,,,,,FALSE,,,,
120,FALSE,Europe,Switzerland,Luzern,Luzern,,,,,,,,,FALSE,,,,
121,FALSE,Europe,The Netherlands,,Amsterdam,,,,,,,,,FALSE,,,,
122,FALSE,Europe,United Kingdom,England,London,,,,,,,,,FALSE,,,,
123,FALSE,Europe,Vatican City,,,,,,,,,,,FALSE,,,,
124,FALSE,North America,Barbados,,Barbados,,,,,,,,,FALSE,,,,
125,FALSE,North America,Canada,Alberta,,,It is a state/territory/province,,,,,,,TRUE,Aviva,,,
126,FALSE,North America,Canada,British Columbia,Vancouver,,,,,,,,,FALSE,,,,
127,FALSE,North America,Canada,New Brunswick,,,It is a state/territory/province,,,,,,,TRUE,Aviva,,,
128,FALSE,North America,Canada,Ontario,Niagara Falls,,It is a state/territory/province,,,,,,,FALSE,,,,
129,FALSE,North America,Canada,Quebec,Charlevoix,,It is a state/territory/province,,,,,,,FALSE,,,,
130,FALSE,North America,Canada,Quebec,Saguenay,,It is a state/territory/province,,,,,,,FALSE,,,,
131,FALSE,North America,Canada,Saskatchawan,,,It is a state/territory/province,,,,,,,FALSE,,,,
132,FALSE,North America,Cuba,,Havannah,,,,,,,,,FALSE,,,,
133,FALSE,North America,Mexico,Baja California Sur,,,,,,,,,,FALSE,,,,
134,FALSE,North America,Turks and Caicos,,,,,,,,,,,FALSE,,,,
135,FALSE,North America,USA,Alabama,,,It is a state/territory/province,,,,,,,FALSE,,,,
136,FALSE,North America,USA,Alaska,,,It is a state/territory/province,,,,,,Subarctic climate,FALSE,,,,
137,FALSE,North America,USA,Arizona,,,It is a state/territory/province,,,,,,,FALSE,,,,
138,FALSE,North America,USA,Arkansas,,,It is a state/territory/province,,,,,,,FALSE,,,,
139,FALSE,North America,USA,Califorina,,,It is a state/territory/province,,,,,,,FALSE,,,,
140,FALSE,North America,USA,California,Bowen Island,,,,,,,,,FALSE,,,,
141,FALSE,North America,USA,California,Disney Land,,,,,,,,,FALSE,,,,
142,FALSE,North America,USA,California,LA,,,,,,,,,FALSE,,,,
143,FALSE,North America,USA,California,San Francisco,,,,,,,,,FALSE,,,,
144,FALSE,North America,USA,Colorado,Colorado Springs,,,,,,,,,FALSE,,,,
145,FALSE,North America,USA,Colorado,Smokey Mountain National Park,,,,,,,,,FALSE,,,,
146,FALSE,North America,USA,Colorado,,,It is a state/territory/province,,,,,,,FALSE,,,,
147,FALSE,North America,USA,Delaware,,,It is a state/territory/province,,,,,,,FALSE,,,,
148,FALSE,North America,USA,District of Columbia,"Washington, DC",,,,,,,,,FALSE,,,,
149,FALSE,North America,USA,Florida,Disney World,,,,,,,,,FALSE,,,,
150,FALSE,North America,USA,Florida,Florida Keys,,,,,,,,,FALSE,,,,
151,FALSE,North America,USA,Florida,,,It is a state/territory/province,,,,,,,FALSE,,,,
152,FALSE,North America,USA,Georgia,,,It is a state/territory/province,,,,,,,FALSE,,,,
153,FALSE,North America,USA,Guam,,,,,,,,,,FALSE,,,,
154,FALSE,North America,USA,Hawaii,,,,,,,,,,FALSE,,,,
155,FALSE,North America,USA,Indiana,,,It is a state/territory/province,,,,,,,FALSE,,,,
156,FALSE,North America,USA,Kansas,,,It is a state/territory/province,,,,,,,FALSE,,,,
157,FALSE,North America,USA,Kentucky,,,It is a state/territory/province,,,,,,,FALSE,,,,
158,FALSE,North America,USA,Louisiana,New Orleans,,,,,,,,,FALSE,,,,
159,FALSE,North America,USA,Louisiana,,,It is a state/territory/province,,,,,,,FALSE,,,,
160,FALSE,North America,USA,Maryland,,,It is a state/territory/province,,,,,,,FALSE,,,,
161,FALSE,North America,USA,Michigan,Detroit,,,,,,,,,FALSE,,,,
162,FALSE,North America,USA,Minnesota,Minneapolis,,,,,,,,,FALSE,,,,
163,FALSE,North America,USA,Minnesota,,,It is a state/territory/province,,,,,,,FALSE,,,,
164,FALSE,North America,USA,Missouri,,,It is a state/territory/province,,,,,,,FALSE,,,,
165,FALSE,North America,USA,Montana,Glacier National Park,,,,,,,,,FALSE,,,,
166,FALSE,North America,USA,Montana,,,It is a state/territory/province,,,,,,,FALSE,,,,
167,FALSE,North America,USA,Nevada,Las Vegas,,,,,,,,,FALSE,,,,
168,FALSE,North America,USA,New Hampshire,,,It is a state/territory/province,,,,,,,FALSE,,,,
169,FALSE,North America,USA,New Jersey,,,It is a state/territory/province,,,,,,,FALSE,,,,
170,FALSE,North America,USA,New Mexico,,,It is a state/territory/province,,,,,,,FALSE,,,,
171,FALSE,North America,USA,New York,Niagara Falls,,It is a state/territory/province,,,,,,,FALSE,,,,
172,FALSE,North America,USA,North Carolina,,,It is a state/territory/province,,,,,,,FALSE,,,,
173,FALSE,North America,USA,North Dakota,,,It is a state/territory/province,,,,,,,FALSE,,,,
174,FALSE,North America,USA,Ohio,Cuyahoga Valley National Park,,,,,,,,,FALSE,,,,
175,FALSE,North America,USA,Ohio,Dublin,,,,,,,,,FALSE,,,,
176,FALSE,North America,USA,Pennsylvania,,,It is a state/territory/province,,,,,,,FALSE,,,,
177,FALSE,North America,USA,Puerto Rico,,,,,,,,,,FALSE,,,,
178,FALSE,North America,USA,South Dakota,,,It is a state/territory/province,,,,,,,FALSE,,,,
179,FALSE,North America,USA,Tennessee,Nashville,,,,,,,,,FALSE,,,,
180,FALSE,North America,USA,Tennessee,,,It is a state/territory/province,,,,,,,FALSE,,,,
181,FALSE,North America,USA,Texas,El Paso,,,,,,,,,FALSE,,,,
182,FALSE,North America,USA,Texas,,,It is a state/territory/province,,,,,,,FALSE,,,,
183,FALSE,North America,USA,Utah,,,,,,,,,,FALSE,,,,
184,FALSE,South America,Argentina,,Patagonia,,,,,,,,,FALSE,,,,
185,FALSE,South America,Brazil,,Brazil,,,,,,,,,FALSE,,,,
186,FALSE,South America,Chile,,Atacama desert,,,,,,,,,FALSE,,,,
187,FALSE,South America,Chile,,Easter Island,,,,,,,,,FALSE,,,,
188,FALSE,South America,Chile,,Patagonia,,,,,,,,,FALSE,,,,
189,FALSE,South America,Ecuador,,,,,,,,,,,FALSE,,,,
190,FALSE,South America,Peru,Cusco,Machu Picchu,,,,,,,,,FALSE,,,,
191,FALSE,South America,Venezuela,,Canaima National Park.,,,,,,,,,FALSE,,,,
,,,,,,,,,,,,,,FALSE,,,,
,,,,,,,,,,,,,,FALSE,,,,
,,,,,,,,,,,,,,FALSE,,,,
,,,,,,,,,,,,,,FALSE,,,,
,,,,,,,,,,,,,,FALSE,,,,
,,,,,,,,,,,,,,FALSE,,,,
,,,,,,,,,,,,,,FALSE,,,,
,,,,,,,,,,,,,,FALSE,,,,
,,,,,,,,,,,,,,FALSE,,,,
,,,,,,,,,,,,,,FALSE,,,,
,,,,,,,,,,,,,,FALSE,,,,
,,,,,,,,,,,,,,FALSE,,,,
,,,,,,,,,,,,,,FALSE,,,,
,,,,,,,,,,,,,,FALSE,,,,
,,,,,,,,,,,,,,FALSE,,,,
,,,,,,,,,,,,,,FALSE,,,,
,,,,,,,,,,,,,,FALSE,,,,
,,,,,,,,,,,,,,FALSE,,,,
,,,,,,,,,,,,,,FALSE,,,,
,,,,,,,,,,,,,,FALSE,,,,
,,,,,,,,,,,,,,FALSE,,,,
,,,,,,,,,,,,,,FALSE,,,,
,,,,,,,,,,,,,,FALSE,,,,
,,,,,,,,,,,,,,FALSE,,,,
,,,,,,,,,,,,,,FALSE,,,,
,,,,,,,,,,,,,,FALSE,,,,
,,,,,,,,,,,,,,FALSE,,,,
,,,,,,,,,,,,,,FALSE,,,,
,,,,,,,,,,,,,,FALSE,,,,
,,,,,,,,,,,,,,FALSE,,,,
,,,,,,,,,,,,,,FALSE,,,,
,,,,,,,,,,,,,,FALSE,,,,
,,,,,,,,,,,,,,FALSE,,,,
,,,,,,,,,,,,,,FALSE,,,,
,,,,,,,,,,,,,,FALSE,,,,
,,,,,,,,,,,,,,FALSE,,,,
,,,,,,,,,,,,,,FALSE,,,,
,,,,,,,,,,,,,,FALSE,,,,
,,,,,,,,,,,,,,FALSE,,,,
,,,,,,,,,,,,,,FALSE,,,,
,,,,,,,,,,,,,,FALSE,,,,
,,,,,,,,,,,,,,FALSE,,,,
,,,,,,,,,,,,,,FALSE,,,,
,,,,,,,,,,,,,,FALSE,,,,
,,,,,,,,,,,,,,FALSE,,,,
,,,,,,,,,,,,,,FALSE,,,,
,,,,,,,,,,,,,,FALSE,,,,
,,,,,,,,,,,,,,FALSE,,,,
,,,,,,,,,,,,,,FALSE,,,,
,,,,,,,,,,,,,,FALSE,,,,
,,,,,,,,,,,,,,FALSE,,,,
,,,,,,,,,,,,,,FALSE,,,,
,,,,,,,,,,,,,,FALSE,,,,
,,,,,,,,,,,,,,FALSE,,,,
,,,,,,,,,,,,,,FALSE,,,,
,,,,,,,,,,,,,,FALSE,,,,
,,,,,,,,,,,,,,FALSE,,,,
,,,,,,,,,,,,,,FALSE,,,,
,,,,,,,,,,,,,,FALSE,,,,
,,,,,,,,,,,,,,FALSE,,,,
,,,,,,,,,,,,,,FALSE,,,,
,,,,,,,,,,,,,,FALSE,,,,
,,,,,,,,,,,,,,FALSE,,,,
,,,,,,,,,,,,,,FALSE,,,,
,,,,,,,,,,,,,,FALSE,,,,
,,,,,,,,,,,,,,FALSE,,,,
,,,,,,,,,,,,,,FALSE,,,,
,,,,,,,,,,,,,,FALSE,,,,
,,,,,,,,,,,,,,FALSE,,,,
,,,,,,,,,,,,,,FALSE,,,,
,,,,,,,,,,,,,,FALSE,,,,
,,,,,,,,,,,,,,FALSE,,,,
,,,,,,,,,,,,,,FALSE,,,,
,,,,,,,,,,,,,,FALSE,,,,
,,,,,,,,,,,,,,FALSE,,,,
,,,,,,,,,,,,,,FALSE,,,,
,,,,,,,,,,,,,,FALSE,,,,
,,,,,,,,,,,,,,FALSE,,,,
,,,,,,,,,,,,,,FALSE,,,,
,,,,,,,,,,,,,,FALSE,,,,
,,,,,,,,,,,,,,FALSE,,,,
,,,,,,,,,,,,,,FALSE,,,,
,,,,,,,,,,,,,,FALSE,,,,
,,,,,,,,,,,,,,FALSE,,,,
,,,,,,,,,,,,,,FALSE,,,,
,,,,,,,,,,,,,,FALSE,,,,
,,,,,,,,,,,,,,FALSE,,,,
,,,,,,,,,,,,,,FALSE,,,,
,,,,,,,,,,,,,,FALSE,,,,
,,,,,,,,,,,,,,FALSE,,,,
,,,,,,,,,,,,,,FALSE,,,,
,,,,,,,,,,,,,,FALSE,,,,
,,,,,,,,,,,,,,FALSE,,,,
,,,,,,,,,,,,,,FALSE,,,,
,,,,,,,,,,,,,,FALSE,,,,
,,,,,,,,,,,,,,FALSE,,,,
,,,,,,,,,,,,,,FALSE,,,,
,,,,,,,,,,,,,,FALSE,,,,
,,,,,,,,,,,,,,FALSE,,,,
,,,,,,,,,,,,,,FALSE,,,,
,,,,,,,,,,,,,,FALSE,,,,
,,,,,,,,,,,,,,FALSE,,,,
,,,,,,,,,,,,,,FALSE,,,,
,,,,,,,,,,,,,,FALSE,,,,
,,,,,,,,,,,,,,FALSE,,,,
,,,,,,,,,,,,,,FALSE,,,,
,,,,,,,,,,,,,,FALSE,,,,
,,,,,,,,,,,,,,FALSE,,,,
,,,,,,,,,,,,,,FALSE,,,,
,,,,,,,,,,,,,,FALSE,,,,
,,,,,,,,,,,,,,FALSE,,,,
,,,,,,,,,,,,,,FALSE,,,,
,,,,,,,,,,,,,,FALSE,,,,
,,,,,,,,,,,,,,FALSE,,,,
,,,,,,,,,,,,,,FALSE,,,,
,,,,,,,,,,,,,,FALSE,,,,
,,,,,,,,,,,,,,FALSE,,,,
,,,,,,,,,,,,,,FALSE,,,,
,,,,,,,,,,,,,,FALSE,,,,
,,,,,,,,,,,,,,FALSE,,,,
,,,,,,,,,,,,,,FALSE,,,,
,,,,,,,,,,,,,,FALSE,,,,
,,,,,,,,,,,,,,FALSE,,,,
,,,,,,,,,,,,,,FALSE,,,,
,,,,,,,,,,,,,,FALSE,,,,
,,,,,,,,,,,,,,FALSE,,,,
,,,,,,,,,,,,,,FALSE,,,,
,,,,,,,,,,,,,,FALSE,,,,
,,,,,,,,,,,,,,FALSE,,,,
,,,,,,,,,,,,,,FALSE,,,,
,,,,,,,,,,,,,,FALSE,,,,
,,,,,,,,,,,,,,FALSE,,,,
,,,,,,,,,,,,,,FALSE,,,,
,,,,,,,,,,,,,,FALSE,,,,
,,,,,,,,,,,,,,FALSE,,,,
,,,,,,,,,,,,,,FALSE,,,,
,,,,,,,,,,,,,,FALSE,,,,
,,,,,,,,,,,,,,FALSE,,,,
,,,,,,,,,,,,,,FALSE,,,,
,,,,,,,,,,,,,,FALSE,,,,
,,,,,,,,,,,,,,FALSE,,,,
,,,,,,,,,,,,,,FALSE,,,,
,,,,,,,,,,,,,,FALSE,,,,
,,,,,,,,,,,,,,FALSE,,,,
,,,,,,,,,,,,,,FALSE,,,,
,,,,,,,,,,,,,,FALSE,,,,
,,,,,,,,,,,,,,FALSE,,,,
,,,,,,,,,,,,,,FALSE,,,,
,,,,,,,,,,,,,,FALSE,,,,
,,,,,,,,,,,,,,FALSE,,,,
,,,,,,,,,,,,,,FALSE,,,,
,,,,,,,,,,,,,,FALSE,,,,
,,,,,,,,,,,,,,FALSE,,,,
,,,,,,,,,,,,,,FALSE,,,,
,,,,,,,,,,,,,,FALSE,,,,
,,,,,,,,,,,,,,FALSE,,,,
,,,,,,,,,,,,,,FALSE,,,,
,,,,,,,,,,,,,,FALSE,,,,
,,,,,,,,,,,,,,FALSE,,,,
,,,,,,,,,,,,,,FALSE,,,,
,,,,,,,,,,,,,,FALSE,,,,
,,,,,,,,,,,,,,FALSE,,,,
,,,,,,,,,,,,,,FALSE,,,,
,,,,,,,,,,,,,,FALSE,,,,
,,,,,,,,,,,,,,FALSE,,,,
,,,,,,,,,,,,,,FALSE,,,,
,,,,,,,,,,,,,,FALSE,,,,
,,,,,,,,,,,,,,FALSE,,,,
,,,,,,,,,,,,,,FALSE,,,,
,,,,,,,,,,,,,,FALSE,,,,
,,,,,,,,,,,,,,FALSE,,,,
,,,,,,,,,,,,,,FALSE,,,,
,,,,,,,,,,,,,,FALSE,,,,
,,,,,,,,,,,,,,FALSE,,,,
,,,,,,,,,,,,,,FALSE,,,,
,,,,,,,,,,,,,,FALSE,,,,
,,,,,,,,,,,,,,FALSE,,,,
,,,,,,,,,,,,,,FALSE,,,,
,,,,,,,,,,,,,,FALSE,,,,
,,,,,,,,,,,,,,FALSE,,,,
,,,,,,,,,,,,,,FALSE,,,,
,,,,,,,,,,,,,,FALSE,,,,
,,,,,,,,,,,,,,FALSE,,,,
,,,,,,,,,,,,,,FALSE,,,,
,,,,,,,,,,,,,,FALSE,,,,
,,,,,,,,,,,,,,FALSE,,,,
,,,,,,,,,,,,,,FALSE,,,,
,,,,,,,,,,,,,,FALSE,,,,
,,,,,,,,,,,,,,FALSE,,,,
,,,,,,,,,,,,,,FALSE,,,,
,,,,,,,,,,,,,,FALSE,,,,
,,,,,,,,,,,,,,FALSE,,,,
,,,,,,,,,,,,,,FALSE,,,,
,,,,,,,,,,,,,,FALSE,,,,
,,,,,,,,,,,,,,FALSE,,,,
,,,,,,,,,,,,,,FALSE,,,,
,,,,,,,,,,,,,,FALSE,,,,
,,,,,,,,,,,,,,FALSE,,,,
,,,,,,,,,,,,,,FALSE,,,,
,,,,,,,,,,,,,,FALSE,,,,
,,,,,,,,,,,,,,FALSE,,,,
,,,,,,,,,,,,,,FALSE,,,,
,,,,,,,,,,,,,,FALSE,,,,
,,,,,,,,,,,,,,FALSE,,,,
,,,,,,,,,,,,,,FALSE,,,,
,,,,,,,,,,,,,,FALSE,,,,
,,,,,,,,,,,,,,FALSE,,,,
,,,,,,,,,,,,,,FALSE,,,,
,,,,,,,,,,,,,,FALSE,,,,
,,,,,,,,,,,,,,FALSE,,,,
,,,,,,,,,,,,,,FALSE,,,,
,,,,,,,,,,,,,,FALSE,,,,
,,,,,,,,,,,,,,FALSE,,,,
,,,,,,,,,,,,,,FALSE,,,,
,,,,,,,,,,,,,,FALSE,,,,
,,,,,,,,,,,,,,FALSE,,,,
,,,,,,,,,,,,,,FALSE,,,,
,,,,,,,,,,,,,,FALSE,,,,
,,,,,,,,,,,,,,FALSE,,,,
,,,,,,,,,,,,,,FALSE,,,,
,,,,,,,,,,,,,,FALSE,,,,
,,,,,,,,,,,,,,FALSE,,,,
,,,,,,,,,,,,,,FALSE,,,,
,,,,,,,,,,,,,,FALSE,,,,
,,,,,,,,,,,,,,FALSE,,,,
,,,,,,,,,,,,,,FALSE,,,,
,,,,,,,,,,,,,,FALSE,,,,
,,,,,,,,,,,,,,FALSE,,,,
,,,,,,,,,,,,,,FALSE,,,,
,,,,,,,,,,,,,,FALSE,,,,
,,,,,,,,,,,,,,FALSE,,,,
,,,,,,,,,,,,,,FALSE,,,,
,,,,,,,,,,,,,,FALSE,,,,
,,,,,,,,,,,,,,FALSE,,,,
,,,,,,,,,,,,,,FALSE,,,,
,,,,,,,,,,,,,,FALSE,,,,
,,,,,,,,,,,,,,FALSE,,,,
,,,,,,,,,,,,,,FALSE,,,,
,,,,,,,,,,,,,,FALSE,,,,
,,,,,,,,,,,,,,FALSE,,,,
,,,,,,,,,,,,,,FALSE,,,,
,,,,,,,,,,,,,,FALSE,,,,
,,,,,,,,,,,,,,FALSE,,,,
,,,,,,,,,,,,,,FALSE,,,,
,,,,,,,,,,,,,,FALSE,,,,
,,,,,,,,,,,,,,FALSE,,,,
,,,,,,,,,,,,,,FALSE,,,,
,,,,,,,,,,,,,,FALSE,,,,
,,,,,,,,,,,,,,FALSE,,,,
,,,,,,,,,,,,,,FALSE,,,,
,,,,,,,,,,,,,,FALSE,,,,
,,,,,,,,,,,,,,FALSE,,,,
,,,,,,,,,,,,,,FALSE,,,,
,,,,,,,,,,,,,,FALSE,,,,
,,,,,,,,,,,,,,FALSE,,,,
,,,,,,,,,,,,,,FALSE,,,,
,,,,,,,,,,,,,,FALSE,,,,
,,,,,,,,,,,,,,FALSE,,,,
,,,,,,,,,,,,,,FALSE,,,,
,,,,,,,,,,,,,,FALSE,,,,
,,,,,,,,,,,,,,FALSE,,,,
,,,,,,,,,,,,,,FALSE,,,,
,,,,,,,,,,,,,,FALSE,,,,
,,,,,,,,,,,,,,FALSE,,,,
,,,,,,,,,,,,,,FALSE,,,,
,,,,,,,,,,,,,,FALSE,,,,
,,,,,,,,,,,,,,FALSE,,,,
,,,,,,,,,,,,,,FALSE,,,,
,,,,,,,,,,,,,,FALSE,,,,
,,,,,,,,,,,,,,FALSE,,,,
,,,,,,,,,,,,,,FALSE,,,,
,,,,,,,,,,,,,,FALSE,,,,
,,,,,,,,,,,,,,FALSE,,,,
,,,,,,,,,,,,,,FALSE,,,,
,,,,,,,,,,,,,,FALSE,,,,
,,,,,,,,,,,,,,FALSE,,,,
,,,,,,,,,,,,,,FALSE,,,,
,,,,,,,,,,,,,,FALSE,,,,
,,,,,,,,,,,,,,FALSE,,,,
,,,,,,,,,,,,,,FALSE,,,,
,,,,,,,,,,,,,,FALSE,,,,
,,,,,,,,,,,,,,FALSE,,,,
,,,,,,,,,,,,,,FALSE,,,,
,,,,,,,,,,,,,,FALSE,,,,
,,,,,,,,,,,,,,FALSE,,,,
,,,,,,,,,,,,,,FALSE,,,,
,,,,,,,,,,,,,,FALSE,,,,
,,,,,,,,,,,,,,FALSE,,,,
,,,,,,,,,,,,,,FALSE,,,,
,,,,,,,,,,,,,,FALSE,,,,
,,,,,,,,,,,,,,FALSE,,,,
,,,,,,,,,,,,,,FALSE,,,,
,,,,,,,,,,,,,,FALSE,,,,
,,,,,,,,,,,,,,FALSE,,,,
,,,,,,,,,,,,,,FALSE,,,,
,,,,,,,,,,,,,,FALSE,,,,
,,,,,,,,,,,,,,FALSE,,,,
,,,,,,,,,,,,,,FALSE,,,,
,,,,,,,,,,,,,,FALSE,,,,
,,,,,,,,,,,,,,FALSE,,,,
,,,,,,,,,,,,,,FALSE,,,,
,,,,,,,,,,,,,,FALSE,,,,
,,,,,,,,,,,,,,FALSE,,,,
,,,,,,,,,,,,,,FALSE,,,,
,,,,,,,,,,,,,,FALSE,,,,
,,,,,,,,,,,,,,FALSE,,,,
,,,,,,,,,,,,,,FALSE,,,,
,,,,,,,,,,,,,,FALSE,,,,
,,,,,,,,,,,,,,FALSE,,,,
,,,,,,,,,,,,,,FALSE,,,,
,,,,,,,,,,,,,,FALSE,,,,
,,,,,,,,,,,,,,FALSE,,,,
,,,,,,,,,,,,,,FALSE,,,,
,,,,,,,,,,,,,,FALSE,,,,
,,,,,,,,,,,,,,FALSE,,,,
,,,,,,,,,,,,,,FALSE,,,,
,,,,,,,,,,,,,,FALSE,,,,
,,,,,,,,,,,,,,FALSE,,,,
,,,,,,,,,,,,,,FALSE,,,,
,,,,,,,,,,,,,,FALSE,,,,
,,,,,,,,,,,,,,FALSE,,,,
,,,,,,,,,,,,,,FALSE,,,,
,,,,,,,,,,,,,,FALSE,,,,
,,,,,,,,,,,,,,FALSE,,,,
,,,,,,,,,,,,,,FALSE,,,,
,,,,,,,,,,,,,,FALSE,,,,
,,,,,,,,,,,,,,FALSE,,,,
,,,,,,,,,,,,,,FALSE,,,,
,,,,,,,,,,,,,,FALSE,,,,
,,,,,,,,,,,,,,FALSE,,,,
,,,,,,,,,,,,,,FALSE,,,,
,,,,,,,,,,,,,,FALSE,,,,
,,,,,,,,,,,,,,FALSE,,,,
,,,,,,,,,,,,,,FALSE,,,,
,,,,,,,,,,,,,,FALSE,,,,
,,,,,,,,,,,,,,FALSE,,,,
,,,,,,,,,,,,,,FALSE,,,,
,,,,,,,,,,,,,,FALSE,,,,
,,,,,,,,,,,,,,FALSE,,,,
,,,,,,,,,,,,,,FALSE,,,,
,,,,,,,,,,,,,,FALSE,,,,
,,,,,,,,,,,,,,FALSE,,,,
,,,,,,,,,,,,,,FALSE,,,,
,,,,,,,,,,,,,,FALSE,,,,
,,,,,,,,,,,,,,FALSE,,,,
,,,,,,,,,,,,,,FALSE,,,,
,,,,,,,,,,,,,,FALSE,,,,
,,,,,,,,,,,,,,FALSE,,,,
,,,,,,,,,,,,,,FALSE,,,,
,,,,,,,,,,,,,,FALSE,,,,
,,,,,,,,,,,,,,FALSE,,,,
,,,,,,,,,,,,,,FALSE,,,,
,,,,,,,,,,,,,,FALSE,,,,
,,,,,,,,,,,,,,FALSE,,,,
,,,,,,,,,,,,,,FALSE,,,,
,,,,,,,,,,,,,,FALSE,,,,
,,,,,,,,,,,,,,FALSE,,,,
,,,,,,,,,,,,,,FALSE,,,,
,,,,,,,,,,,,,,FALSE,,,,
,,,,,,,,,,,,,,FALSE,,,,
,,,,,,,,,,,,,,FALSE,,,,
,,,,,,,,,,,,,,FALSE,,,,
,,,,,,,,,,,,,,FALSE,,,,
,,,,,,,,,,,,,,FALSE,,,,
,,,,,,,,,,,,,,FALSE,,,,
,,,,,,,,,,,,,,FALSE,,,,
,,,,,,,,,,,,,,FALSE,,,,
,,,,,,,,,,,,,,FALSE,,,,
,,,,,,,,,,,,,,FALSE,,,,
,,,,,,,,,,,,,,FALSE,,,,
,,,,,,,,,,,,,,FALSE,,,,
,,,,,,,,,,,,,,FALSE,,,,
,,,,,,,,,,,,,,FALSE,,,,
,,,,,,,,,,,,,,FALSE,,,,
,,,,,,,,,,,,,,FALSE,,,,
,,,,,,,,,,,,,,FALSE,,,,
,,,,,,,,,,,,,,FALSE,,,,
,,,,,,,,,,,,,,FALSE,,,,
,,,,,,,,,,,,,,FALSE,,,,
,,,,,,,,,,,,,,FALSE,,,,
,,,,,,,,,,,,,,FALSE,,,,
,,,,,,,,,,,,,,FALSE,,,,
,,,,,,,,,,,,,,FALSE,,,,
,,,,,,,,,,,,,,FALSE,,,,
,,,,,,,,,,,,,,FALSE,,,,
,,,,,,,,,,,,,,FALSE,,,,
,,,,,,,,,,,,,,FALSE,,,,
,,,,,,,,,,,,,,FALSE,,,,
,,,,,,,,,,,,,,FALSE,,,,
,,,,,,,,,,,,,,FALSE,,,,
,,,,,,,,,,,,,,FALSE,,,,
,,,,,,,,,,,,,,FALSE,,,,
,,,,,,,,,,,,,,FALSE,,,,
,,,,,,,,,,,,,,FALSE,,,,
,,,,,,,,,,,,,,FALSE,,,,
,,,,,,,,,,,,,,FALSE,,,,
,,,,,,,,,,,,,,FALSE,,,,
,,,,,,,,,,,,,,FALSE,,,,
,,,,,,,,,,,,,,FALSE,,,,
,,,,,,,,,,,,,,FALSE,,,,
,,,,,,,,,,,,,,FALSE,,,,
,,,,,,,,,,,,,,FALSE,,,,
,,,,,,,,,,,,,,FALSE,,,,
,,,,,,,,,,,,,,FALSE,,,,
,,,,,,,,,,,,,,FALSE,,,,
,,,,,,,,,,,,,,FALSE,,,,
,,,,,,,,,,,,,,FALSE,,,,
,,,,,,,,,,,,,,FALSE,,,,
,,,,,,,,,,,,,,FALSE,,,,
,,,,,,,,,,,,,,FALSE,,,,
,,,,,,,,,,,,,,FALSE,,,,
,,,,,,,,,,,,,,FALSE,,,,
,,,,,,,,,,,,,,FALSE,,,,
,,,,,,,,,,,,,,FALSE,,,,
,,,,,,,,,,,,,,FALSE,,,,
,,,,,,,,,,,,,,FALSE,,,,
,,,,,,,,,,,,,,FALSE,,,,
,,,,,,,,,,,,,,FALSE,,,,
,,,,,,,,,,,,,,FALSE,,,,
,,,,,,,,,,,,,,FALSE,,,,
,,,,,,,,,,,,,,FALSE,,,,
,,,,,,,,,,,,,,FALSE,,,,
,,,,,,,,,,,,,,FALSE,,,,
,,,,,,,,,,,,,,FALSE,,,,
,,,,,,,,,,,,,,FALSE,,,,
,,,,,,,,,,,,,,FALSE,,,,
,,,,,,,,,,,,,,FALSE,,,,
,,,,,,,,,,,,,,FALSE,,,,
,,,,,,,,,,,,,,FALSE,,,,
,,,,,,,,,,,,,,FALSE,,,,
,,,,,,,,,,,,,,FALSE,,,,
,,,,,,,,,,,,,,FALSE,,,,
,,,,,,,,,,,,,,FALSE,,,,
,,,,,,,,,,,,,,FALSE,,,,
,,,,,,,,,,,,,,FALSE,,,,
,,,,,,,,,,,,,,FALSE,,,,
,,,,,,,,,,,,,,FALSE,,,,
,,,,,,,,,,,,,,FALSE,,,,
,,,,,,,,,,,,,,FALSE,,,,
,,,,,,,,,,,,,,FALSE,,,,
,,,,,,,,,,,,,,FALSE,,,,
,,,,,,,,,,,,,,FALSE,,,,
,,,,,,,,,,,,,,FALSE,,,,
,,,,,,,,,,,,,,FALSE,,,,
,,,,,,,,,,,,,,FALSE,,,,
,,,,,,,,,,,,,,FALSE,,,,
,,,,,,,,,,,,,,FALSE,,,,
,,,,,,,,,,,,,,FALSE,,,,
,,,,,,,,,,,,,,FALSE,,,,
,,,,,,,,,,,,,,FALSE,,,,
,,,,,,,,,,,,,,FALSE,,,,
,,,,,,,,,,,,,,FALSE,,,,
,,,,,,,,,,,,,,FALSE,,,,
,,,,,,,,,,,,,,FALSE,,,,
,,,,,,,,,,,,,,FALSE,,,,
,,,,,,,,,,,,,,FALSE,,,,
,,,,,,,,,,,,,,FALSE,,,,
,,,,,,,,,,,,,,FALSE,,,,
,,,,,,,,,,,,,,FALSE,,,,
,,,,,,,,,,,,,,FALSE,,,,
,,,,,,,,,,,,,,FALSE,,,,
,,,,,,,,,,,,,,FALSE,,,,
,,,,,,,,,,,,,,FALSE,,,,
,,,,,,,,,,,,,,FALSE,,,,
,,,,,,,,,,,,,,FALSE,,,,
,,,,,,,,,,,,,,FALSE,,,,
,,,,,,,,,,,,,,FALSE,,,,
,,,,,,,,,,,,,,FALSE,,,,
,,,,,,,,,,,,,,FALSE,,,,
,,,,,,,,,,,,,,FALSE,,,,
,,,,,,,,,,,,,,FALSE,,,,
,,,,,,,,,,,,,,FALSE,,,,
,,,,,,,,,,,,,,FALSE,,,,
,,,,,,,,,,,,,,FALSE,,,,
,,,,,,,,,,,,,,FALSE,,,,
,,,,,,,,,,,,,,FALSE,,,,
,,,,,,,,,,,,,,FALSE,,,,
,,,,,,,,,,,,,,FALSE,,,,
,,,,,,,,,,,,,,FALSE,,,,
,,,,,,,,,,,,,,FALSE,,,,
,,,,,,,,,,,,,,FALSE,,,,
,,,,,,,,,,,,,,FALSE,,,,
,,,,,,,,,,,,,,FALSE,,,,
,,,,,,,,,,,,,,FALSE,,,,
,,,,,,,,,,,,,,FALSE,,,,
,,,,,,,,,,,,,,FALSE,,,,
,,,,,,,,,,,,,,FALSE,,,,
,,,,,,,,,,,,,,FALSE,,,,
,,,,,,,,,,,,,,FALSE,,,,
,,,,,,,,,,,,,,FALSE,,,,
,,,,,,,,,,,,,,FALSE,,,,
,,,,,,,,,,,,,,FALSE,,,,
,,,,,,,,,,,,,,FALSE,,,,
,,,,,,,,,,,,,,FALSE,,,,
,,,,,,,,,,,,,,FALSE,,,,
,,,,,,,,,,,,,,FALSE,,,,
,,,,,,,,,,,,,,FALSE,,,,
,,,,,,,,,,,,,,FALSE,,,,
,,,,,,,,,,,,,,FALSE,,,,
,,,,,,,,,,,,,,FALSE,,,,
,,,,,,,,,,,,,,FALSE,,,,
,,,,,,,,,,,,,,FALSE,,,,
,,,,,,,,,,,,,,FALSE,,,,
,,,,,,,,,,,,,,FALSE,,,,
,,,,,,,,,,,,,,FALSE,,,,
,,,,,,,,,,,,,,FALSE,,,,
,,,,,,,,,,,,,,FALSE,,,,
,,,,,,,,,,,,,,FALSE,,,,
,,,,,,,,,,,,,,FALSE,,,,
,,,,,,,,,,,,,,FALSE,,,,
,,,,,,,,,,,,,,FALSE,,,,
,,,,,,,,,,,,,,FALSE,,,,
,,,,,,,,,,,,,,FALSE,,,,
,,,,,,,,,,,,,,FALSE,,,,
,,,,,,,,,,,,,,FALSE,,,,
,,,,,,,,,,,,,,FALSE,,,,
,,,,,,,,,,,,,,FALSE,,,,
,,,,,,,,,,,,,,FALSE,,,,
,,,,,,,,,,,,,,FALSE,,,,
,,,,,,,,,,,,,,FALSE,,,,
,,,,,,,,,,,,,,FALSE,,,,
,,,,,,,,,,,,,,FALSE,,,,
,,,,,,,,,,,,,,FALSE,,,,
,,,,,,,,,,,,,,FALSE,,,,
,,,,,,,,,,,,,,FALSE,,,,
,,,,,,,,,,,,,,FALSE,,,,
,,,,,,,,,,,,,,FALSE,,,,
,,,,,,,,,,,,,,FALSE,,,,
,,,,,,,,,,,,,,FALSE,,,,
,,,,,,,,,,,,,,FALSE,,,,
,,,,,,,,,,,,,,FALSE,,,,
,,,,,,,,,,,,,,FALSE,,,,
,,,,,,,,,,,,,,FALSE,,,,
,,,,,,,,,,,,,,FALSE,,,,
,,,,,,,,,,,,,,FALSE,,,,
,,,,,,,,,,,,,,FALSE,,,,
,,,,,,,,,,,,,,FALSE,,,,
,,,,,,,,,,,,,,FALSE,,,,
,,,,,,,,,,,,,,FALSE,,,,
,,,,,,,,,,,,,,FALSE,,,,
,,,,,,,,,,,,,,FALSE,,,,
,,,,,,,,,,,,,,FALSE,,,,
,,,,,,,,,,,,,,FALSE,,,,
,,,,,,,,,,,,,,FALSE,,,,
,,,,,,,,,,,,,,FALSE,,,,
,,,,,,,,,,,,,,FALSE,,,,
,,,,,,,,,,,,,,FALSE,,,,
,,,,,,,,,,,,,,FALSE,,,,
,,,,,,,,,,,,,,FALSE,,,,
,,,,,,,,,,,,,,FALSE,,,,
,,,,,,,,,,,,,,FALSE,,,,
,,,,,,,,,,,,,,FALSE,,,,
,,,,,,,,,,,,,,FALSE,,,,
,,,,,,,,,,,,,,FALSE,,,,
,,,,,,,,,,,,,,FALSE,,,,
,,,,,,,,,,,,,,FALSE,,,,
,,,,,,,,,,,,,,FALSE,,,,
,,,,,,,,,,,,,,FALSE,,,,
,,,,,,,,,,,,,,FALSE,,,,
,,,,,,,,,,,,,,FALSE,,,,
,,,,,,,,,,,,,,FALSE,,,,
,,,,,,,,,,,,,,FALSE,,,,
,,,,,,,,,,,,,,FALSE,,,,
,,,,,,,,,,,,,,FALSE,,,,
,,,,,,,,,,,,,,FALSE,,,,
,,,,,,,,,,,,,,FALSE,,,,
,,,,,,,,,,,,,,FALSE,,,,
,,,,,,,,,,,,,,FALSE,,,,
,,,,,,,,,,,,,,FALSE,,,,
,,,,,,,,,,,,,,FALSE,,,,
,,,,,,,,,,,,,,FALSE,,,,
,,,,,,,,,,,,,,FALSE,,,,
,,,,,,,,,,,,,,FALSE,,,,
,,,,,,,,,,,,,,FALSE,,,,
,,,,,,,,,,,,,,FALSE,,,,
,,,,,,,,,,,,,,FALSE,,,,
,,,,,,,,,,,,,,FALSE,,,,
,,,,,,,,,,,,,,FALSE,,,,
,,,,,,,,,,,,,,FALSE,,,,
,,,,,,,,,,,,,,FALSE,,,,
,,,,,,,,,,,,,,FALSE,,,,
,,,,,,,,,,,,,,FALSE,,,,
,,,,,,,,,,,,,,FALSE,,,,
,,,,,,,,,,,,,,FALSE,,,,
,,,,,,,,,,,,,,FALSE,,,,
,,,,,,,,,,,,,,FALSE,,,,
,,,,,,,,,,,,,,FALSE,,,,
,,,,,,,,,,,,,,FALSE,,,,
,,,,,,,,,,,,,,FALSE,,,,
,,,,,,,,,,,,,,FALSE,,,,
,,,,,,,,,,,,,,FALSE,,,,
,,,,,,,,,,,,,,FALSE,,,,
,,,,,,,,,,,,,,FALSE,,,,
,,,,,,,,,,,,,,FALSE,,,,
,,,,,,,,,,,,,,FALSE,,,,
,,,,,,,,,,,,,,FALSE,,,,
,,,,,,,,,,,,,,FALSE,,,,
,,,,,,,,,,,,,,FALSE,,,,
,,,,,,,,,,,,,,FALSE,,,,
,,,,,,,,,,,,,,FALSE,,,,
,,,,,,,,,,,,,,FALSE,,,,
,,,,,,,,,,,,,,FALSE,,,,
,,,,,,,,,,,,,,FALSE,,,,
,,,,,,,,,,,,,,FALSE,,,,
,,,,,,,,,,,,,,FALSE,,,,
,,,,,,,,,,,,,,FALSE,,,,
,,,,,,,,,,,,,,FALSE,,,,
,,,,,,,,,,,,,,FALSE,,,,
,,,,,,,,,,,,,,FALSE,,,,
,,,,,,,,,,,,,,FALSE,,,,
,,,,,,,,,,,,,,FALSE,,,,
,,,,,,,,,,,,,,FALSE,,,,
,,,,,,,,,,,,,,FALSE,,,,
,,,,,,,,,,,,,,FALSE,,,,
,,,,,,,,,,,,,,FALSE,,,,
,,,,,,,,,,,,,,FALSE,,,,
,,,,,,,,,,,,,,FALSE,,,,
,,,,,,,,,,,,,,FALSE,,,,
,,,,,,,,,,,,,,FALSE,,,,
,,,,,,,,,,,,,,FALSE,,,,
,,,,,,,,,,,,,,FALSE,,,,
,,,,,,,,,,,,,,FALSE,,,,
,,,,,,,,,,,,,,FALSE,,,,
,,,,,,,,,,,,,,FALSE,,,,
,,,,,,,,,,,,,,FALSE,,,,
,,,,,,,,,,,,,,FALSE,,,,
,,,,,,,,,,,,,,FALSE,,,,
,,,,,,,,,,,,,,FALSE,,,,
,,,,,,,,,,,,,,FALSE,,,,
,,,,,,,,,,,,,,FALSE,,,,
,,,,,,,,,,,,,,FALSE,,,,
,,,,,,,,,,,,,,FALSE,,,,
,,,,,,,,,,,,,,FALSE,,,,
,,,,,,,,,,,,,,FALSE,,,,
,,,,,,,,,,,,,,FALSE,,,,
,,,,,,,,,,,,,,FALSE,,,,
,,,,,,,,,,,,,,FALSE,,,,
,,,,,,,,,,,,,,FALSE,,,,
,,,,,,,,,,,,,,FALSE,,,,
,,,,,,,,,,,,,,FALSE,,,,
,,,,,,,,,,,,,,FALSE,,,,
,,,,,,,,,,,,,,FALSE,,,,
,,,,,,,,,,,,,,FALSE,,,,
,,,,,,,,,,,,,,FALSE,,,,
,,,,,,,,,,,,,,FALSE,,,,
,,,,,,,,,,,,,,FALSE,,,,
,,,,,,,,,,,,,,FALSE,,,,
,,,,,,,,,,,,,,FALSE,,,,
,,,,,,,,,,,,,,FALSE,,,,
,,,,,,,,,,,,,,FALSE,,,,
,,,,,,,,,,,,,,FALSE,,,,
,,,,,,,,,,,,,,FALSE,,,,
,,,,,,,,,,,,,,FALSE,,,,
,,,,,,,,,,,,,,FALSE,,,,
,,,,,,,,,,,,,,FALSE,,,,
,,,,,,,,,,,,,,FALSE,,,,
,,,,,,,,,,,,,,FALSE,,,,
,,,,,,,,,,,,,,FALSE,,,,
,,,,,,,,,,,,,,FALSE,,,,
,,,,,,,,,,,,,,FALSE,,,,
,,,,,,,,,,,,,,FALSE,,,,
,,,,,,,,,,,,,,FALSE,,,,
,,,,,,,,,,,,,,FALSE,,,,
,,,,,,,,,,,,,,FALSE,,,,
,,,,,,,,,,,,,,FALSE,,,,
,,,,,,,,,,,,,,FALSE,,,,
,,,,,,,,,,,,,,FALSE,,,,
,,,,,,,,,,,,,,FALSE,,,,
,,,,,,,,,,,,,,FALSE,,,,
,,,,,,,,,,,,,,FALSE,,,,
,,,,,,,,,,,,,,FALSE,,,,
,,,,,,,,,,,,,,FALSE,,,,
,,,,,,,,,,,,,,FALSE,,,,
,,,,,,,,,,,,,,FALSE,,,,
,,,,,,,,,,,,,,FALSE,,,,
,,,,,,,,,,,,,,FALSE,,,,
,,,,,,,,,,,,,,FALSE,,,,
,,,,,,,,,,,,,,FALSE,,,,
,,,,,,,,,,,,,,FALSE,,,,
,,,,,,,,,,,,,,FALSE,,,,
,,,,,,,,,,,,,,FALSE,,,,
,,,,,,,,,,,,,,FALSE,,,,
,,,,,,,,,,,,,,FALSE,,,,
,,,,,,,,,,,,,,FALSE,,,,
,,,,,,,,,,,,,,FALSE,,,,
,,,,,,,,,,,,,,FALSE,,,,
,,,,,,,,,,,,,,FALSE,,,,
,,,,,,,,,,,,,,FALSE,,,,
,,,,,,,,,,,,,,FALSE,,,,
,,,,,,,,,,,,,,FALSE,,,,
,,,,,,,,,,,,,,FALSE,,,,
,,,,,,,,,,,,,,FALSE,,,,
,,,,,,,,,,,,,,FALSE,,,,
,,,,,,,,,,,,,,FALSE,,,,
,,,,,,,,,,,,,,FALSE,,,,
,,,,,,,,,,,,,,FALSE,,,,
,,,,,,,,,,,,,,FALSE,,,,
,,,,,,,,,,,,,,FALSE,,,,
,,,,,,,,,,,,,,FALSE,,,,
,,,,,,,,,,,,,,FALSE,,,,
,,,,,,,,,,,,,,FALSE,,,,
,,,,,,,,,,,,,,FALSE,,,,
,,,,,,,,,,,,,,FALSE,,,,
,,,,,,,,,,,,,,FALSE,,,,
,,,,,,,,,,,,,,FALSE,,,,
,,,,,,,,,,,,,,FALSE,,,,
,,,,,,,,,,,,,,FALSE,,,,
,,,,,,,,,,,,,,FALSE,,,,
,,,,,,,,,,,,,,FALSE,,,,
,,,,,,,,,,,,,,FALSE,,,,
,,,,,,,,,,,,,,FALSE,,,,
,,,,,,,,,,,,,,FALSE,,,,
,,,,,,,,,,,,,,FALSE,,,,
,,,,,,,,,,,,,,FALSE,,,,
,,,,,,,,,,,,,,FALSE,,,,
,,,,,,,,,,,,,,FALSE,,,,
,,,,,,,,,,,,,,FALSE,,,,
,,,,,,,,,,,,,,FALSE,,,,
,,,,,,,,,,,,,,FALSE,,,,
,,,,,,,,,,,,,,FALSE,,,,
,,,,,,,,,,,,,,FALSE,,,,
,,,,,,,,,,,,,,FALSE,,,,
,,,,,,,,,,,,,,FALSE,,,,
,,,,,,,,,,,,,,FALSE,,,,
,,,,,,,,,,,,,,FALSE,,,,
,,,,,,,,,,,,,,FALSE,,,,
,,,,,,,,,,,,,,FALSE,,,,
,,,,,,,,,,,,,,FALSE,,,,
,,,,,,,,,,,,,,FALSE,,,,
,,,,,,,,,,,,,,FALSE,,,,
,,,,,,,,,,,,,,FALSE,,,,
,,,,,,,,,,,,,,FALSE,,,,
,,,,,,,,,,,,,,FALSE,,,,
,,,,,,,,,,,,,,FALSE,,,,
,,,,,,,,,,,,,,FALSE,,,,
,,,,,,,,,,,,,,FALSE,,,,
,,,,,,,,,,,,,,FALSE,,,,
,,,,,,,,,,,,,,FALSE,,,,
,,,,,,,,,,,,,,FALSE,,,,
,,,,,,,,,,,,,,FALSE,,,,
,,,,,,,,,,,,,,FALSE,,,,
,,,,,,,,,,,,,,FALSE,,,,
,,,,,,,,,,,,,,FALSE,,,,
,,,,,,,,,,,,,,FALSE,,,,
,,,,,,,,,,,,,,FALSE,,,,
,,,,,,,,,,,,,,FALSE,,,,
,,,,,,,,,,,,,,FALSE,,,,
,,,,,,,,,,,,,,FALSE,,,,
,,,,,,,,,,,,,,FALSE,,,,
,,,,,,,,,,,,,,FALSE,,,,
,,,,,,,,,,,,,,FALSE,,,,
,,,,,,,,,,,,,,FALSE,,,,
,,,,,,,,,,,,,,FALSE,,,,
,,,,,,,,,,,,,,FALSE,,,,
,,,,,,,,,,,,,,FALSE,,,,
,,,,,,,,,,,,,,FALSE,,,,
,,,,,,,,,,,,,,FALSE,,,,
,,,,,,,,,,,,,,FALSE,,,,
,,,,,,,,,,,,,,FALSE,,,,
,,,,,,,,,,,,,,FALSE,,,,
,,,,,,,,,,,,,,FALSE,,,,
,,,,,,,,,,,,,,FALSE,,,,
,,,,,,,,,,,,,,FALSE,,,,
,,,,,,,,,,,,,,FALSE,,,,
,,,,,,,,,,,,,,FALSE,,,,